/* * Data converted from D:/Phanmem_espIDF/Espressif/Imic_IOT/MQTT/main/dashboard.html
 * (null byte appended)
 */
.data
#if !defined (__APPLE__) && !defined (__linux__)
.section .rodata.embedded
#endif

.global dashboard_html
dashboard_html:

.global _binary_dashboard_html_start
_binary_dashboard_html_start: /* for objcopy compatibility */
.byte 0x3c, 0x21, 0x44, 0x4f, 0x43, 0x54, 0x59, 0x50, 0x45, 0x20, 0x68, 0x74, 0x6d, 0x6c, 0x3e, 0x0a
.byte 0x3c, 0x68, 0x74, 0x6d, 0x6c, 0x20, 0x6c, 0x61, 0x6e, 0x67, 0x3d, 0x22, 0x76, 0x69, 0x22, 0x20
.byte 0x63, 0x6c, 0x61, 0x73, 0x73, 0x3d, 0x22, 0x64, 0x61, 0x72, 0x6b, 0x22, 0x3e, 0x0a, 0x3c, 0x68
.byte 0x65, 0x61, 0x64, 0x3e, 0x0a, 0x20, 0x20, 0x20, 0x20, 0x3c, 0x6d, 0x65, 0x74, 0x61, 0x20, 0x63
.byte 0x68, 0x61, 0x72, 0x73, 0x65, 0x74, 0x3d, 0x22, 0x55, 0x54, 0x46, 0x2d, 0x38, 0x22, 0x3e, 0x0a
.byte 0x20, 0x20, 0x20, 0x20, 0x3c, 0x6d, 0x65, 0x74, 0x61, 0x20, 0x6e, 0x61, 0x6d, 0x65, 0x3d, 0x22
.byte 0x76, 0x69, 0x65, 0x77, 0x70, 0x6f, 0x72, 0x74, 0x22, 0x20, 0x63, 0x6f, 0x6e, 0x74, 0x65, 0x6e
.byte 0x74, 0x3d, 0x22, 0x77, 0x69, 0x64, 0x74, 0x68, 0x3d, 0x64, 0x65, 0x76, 0x69, 0x63, 0x65, 0x2d
.byte 0x77, 0x69, 0x64, 0x74, 0x68, 0x2c, 0x20, 0x69, 0x6e, 0x69, 0x74, 0x69, 0x61, 0x6c, 0x2d, 0x73
.byte 0x63, 0x61, 0x6c, 0x65, 0x3d, 0x31, 0x2e, 0x30, 0x22, 0x3e, 0x0a, 0x20, 0x20, 0x20, 0x20, 0x3c
.byte 0x74, 0x69, 0x74, 0x6c, 0x65, 0x3e, 0x45, 0x53, 0x50, 0x33, 0x32, 0x20, 0x47, 0x6c, 0x61, 0x73
.byte 0x73, 0x6d, 0x6f, 0x72, 0x70, 0x68, 0x69, 0x63, 0x20, 0x53, 0x6d, 0x61, 0x72, 0x74, 0x20, 0x44
.byte 0x61, 0x73, 0x68, 0x62, 0x6f, 0x61, 0x72, 0x64, 0x3c, 0x2f, 0x74, 0x69, 0x74, 0x6c, 0x65, 0x3e
.byte 0x0a, 0x20, 0x20, 0x20, 0x20, 0x3c, 0x21, 0x2d, 0x2d, 0x20, 0x54, 0x61, 0x69, 0x6c, 0x77, 0x69
.byte 0x6e, 0x64, 0x20, 0x43, 0x53, 0x53, 0x20, 0x43, 0x44, 0x4e, 0x20, 0x2d, 0x2d, 0x3e, 0x0a, 0x20
.byte 0x20, 0x20, 0x20, 0x3c, 0x73, 0x63, 0x72, 0x69, 0x70, 0x74, 0x20, 0x73, 0x72, 0x63, 0x3d, 0x22
.byte 0x68, 0x74, 0x74, 0x70, 0x73, 0x3a, 0x2f, 0x2f, 0x63, 0x64, 0x6e, 0x2e, 0x74, 0x61, 0x69, 0x6c
.byte 0x77, 0x69, 0x6e, 0x64, 0x63, 0x73, 0x73, 0x2e, 0x63, 0x6f, 0x6d, 0x22, 0x3e, 0x3c, 0x2f, 0x73
.byte 0x63, 0x72, 0x69, 0x70, 0x74, 0x3e, 0x0a, 0x20, 0x20, 0x20, 0x20, 0x3c, 0x21, 0x2d, 0x2d, 0x20
.byte 0x43, 0x68, 0x61, 0x72, 0x74, 0x2e, 0x6a, 0x73, 0x20, 0x43, 0x44, 0x4e, 0x20, 0x2d, 0x2d, 0x3e
.byte 0x0a, 0x20, 0x20, 0x20, 0x20, 0x3c, 0x73, 0x63, 0x72, 0x69, 0x70, 0x74, 0x20, 0x73, 0x72, 0x63
.byte 0x3d, 0x22, 0x68, 0x74, 0x74, 0x70, 0x73, 0x3a, 0x2f, 0x2f, 0x63, 0x64, 0x6e, 0x2e, 0x6a, 0x73
.byte 0x64, 0x65, 0x6c, 0x69, 0x76, 0x72, 0x2e, 0x6e, 0x65, 0x74, 0x2f, 0x6e, 0x70, 0x6d, 0x2f, 0x63
.byte 0x68, 0x61, 0x72, 0x74, 0x2e, 0x6a, 0x73, 0x22, 0x3e, 0x3c, 0x2f, 0x73, 0x63, 0x72, 0x69, 0x70
.byte 0x74, 0x3e, 0x0a, 0x20, 0x20, 0x20, 0x20, 0x3c, 0x21, 0x2d, 0x2d, 0x20, 0x46, 0x6f, 0x6e, 0x74
.byte 0x41, 0x77, 0x65, 0x73, 0x6f, 0x6d, 0x65, 0x20, 0x49, 0x63, 0x6f, 0x6e, 0x73, 0x20, 0x2d, 0x2d
.byte 0x3e, 0x0a, 0x20, 0x20, 0x20, 0x20, 0x3c, 0x6c, 0x69, 0x6e, 0x6b, 0x20, 0x72, 0x65, 0x6c, 0x3d
.byte 0x22, 0x73, 0x74, 0x79, 0x6c, 0x65, 0x73, 0x68, 0x65, 0x65, 0x74, 0x22, 0x20, 0x68, 0x72, 0x65
.byte 0x66, 0x3d, 0x22, 0x68, 0x74, 0x74, 0x70, 0x73, 0x3a, 0x2f, 0x2f, 0x63, 0x64, 0x6e, 0x6a, 0x73
.byte 0x2e, 0x63, 0x6c, 0x6f, 0x75, 0x64, 0x66, 0x6c, 0x61, 0x72, 0x65, 0x2e, 0x63, 0x6f, 0x6d, 0x2f
.byte 0x61, 0x6a, 0x61, 0x78, 0x2f, 0x6c, 0x69, 0x62, 0x73, 0x2f, 0x66, 0x6f, 0x6e, 0x74, 0x2d, 0x61
.byte 0x77, 0x65, 0x73, 0x6f, 0x6d, 0x65, 0x2f, 0x36, 0x2e, 0x34, 0x2e, 0x30, 0x2f, 0x63, 0x73, 0x73
.byte 0x2f, 0x61, 0x6c, 0x6c, 0x2e, 0x6d, 0x69, 0x6e, 0x2e, 0x63, 0x73, 0x73, 0x22, 0x3e, 0x0a, 0x20
.byte 0x20, 0x20, 0x20, 0x3c, 0x21, 0x2d, 0x2d, 0x20, 0x47, 0x6f, 0x6f, 0x67, 0x6c, 0x65, 0x20, 0x46
.byte 0x6f, 0x6e, 0x74, 0x73, 0x20, 0x49, 0x6e, 0x74, 0x65, 0x72, 0x20, 0x2d, 0x2d, 0x3e, 0x0a, 0x20
.byte 0x20, 0x20, 0x20, 0x3c, 0x6c, 0x69, 0x6e, 0x6b, 0x20, 0x68, 0x72, 0x65, 0x66, 0x3d, 0x22, 0x68
.byte 0x74, 0x74, 0x70, 0x73, 0x3a, 0x2f, 0x2f, 0x66, 0x6f, 0x6e, 0x74, 0x73, 0x2e, 0x67, 0x6f, 0x6f
.byte 0x67, 0x6c, 0x65, 0x61, 0x70, 0x69, 0x73, 0x2e, 0x63, 0x6f, 0x6d, 0x2f, 0x63, 0x73, 0x73, 0x32
.byte 0x3f, 0x66, 0x61, 0x6d, 0x69, 0x6c, 0x79, 0x3d, 0x49, 0x6e, 0x74, 0x65, 0x72, 0x3a, 0x77, 0x67
.byte 0x68, 0x74, 0x40, 0x33, 0x30, 0x30, 0x3b, 0x34, 0x30, 0x30, 0x3b, 0x35, 0x30, 0x30, 0x3b, 0x36
.byte 0x30, 0x30, 0x3b, 0x37, 0x30, 0x30, 0x26, 0x64, 0x69, 0x73, 0x70, 0x6c, 0x61, 0x79, 0x3d, 0x73
.byte 0x77, 0x61, 0x70, 0x22, 0x20, 0x72, 0x65, 0x6c, 0x3d, 0x22, 0x73, 0x74, 0x79, 0x6c, 0x65, 0x73
.byte 0x68, 0x65, 0x65, 0x74, 0x22, 0x3e, 0x0a, 0x20, 0x20, 0x20, 0x20, 0x0a, 0x20, 0x20, 0x20, 0x20
.byte 0x3c, 0x73, 0x63, 0x72, 0x69, 0x70, 0x74, 0x3e, 0x0a, 0x20, 0x20, 0x20, 0x20, 0x20, 0x20, 0x20
.byte 0x20, 0x74, 0x61, 0x69, 0x6c, 0x77, 0x69, 0x6e, 0x64, 0x2e, 0x63, 0x6f, 0x6e, 0x66, 0x69, 0x67
.byte 0x20, 0x3d, 0x20, 0x7b, 0x0a, 0x20, 0x20, 0x20, 0x20, 0x20, 0x20, 0x20, 0x20, 0x20, 0x20, 0x20
.byte 0x20, 0x64, 0x61, 0x72, 0x6b, 0x4d, 0x6f, 0x64, 0x65, 0x3a, 0x20, 0x27, 0x63, 0x6c, 0x61, 0x73
.byte 0x73, 0x27, 0x2c, 0x0a, 0x20, 0x20, 0x20, 0x20, 0x20, 0x20, 0x20, 0x20, 0x20, 0x20, 0x20, 0x20
.byte 0x74, 0x68, 0x65, 0x6d, 0x65, 0x3a, 0x20, 0x7b, 0x0a, 0x20, 0x20, 0x20, 0x20, 0x20, 0x20, 0x20
.byte 0x20, 0x20, 0x20, 0x20, 0x20, 0x20, 0x20, 0x20, 0x20, 0x65, 0x78, 0x74, 0x65, 0x6e, 0x64, 0x3a
.byte 0x20, 0x7b, 0x0a, 0x20, 0x20, 0x20, 0x20, 0x20, 0x20, 0x20, 0x20, 0x20, 0x20, 0x20, 0x20, 0x20
.byte 0x20, 0x20, 0x20, 0x20, 0x20, 0x20, 0x20, 0x63, 0x6f, 0x6c, 0x6f, 0x72, 0x73, 0x3a, 0x20, 0x7b
.byte 0x0a, 0x20, 0x20, 0x20, 0x20, 0x20, 0x20, 0x20, 0x20, 0x20, 0x20, 0x20, 0x20, 0x20, 0x20, 0x20
.byte 0x20, 0x20, 0x20, 0x20, 0x20, 0x20, 0x20, 0x20, 0x20, 0x62, 0x72, 0x61, 0x6e, 0x64, 0x3a, 0x20
.byte 0x7b, 0x0a, 0x20, 0x20, 0x20, 0x20, 0x20, 0x20, 0x20, 0x20, 0x20, 0x20, 0x20, 0x20, 0x20, 0x20
.byte 0x20, 0x20, 0x20, 0x20, 0x20, 0x20, 0x20, 0x20, 0x20, 0x20, 0x20, 0x20, 0x20, 0x20, 0x67, 0x72
.byte 0x65, 0x65, 0x6e, 0x3a, 0x20, 0x27, 0x23, 0x38, 0x34, 0x63, 0x63, 0x31, 0x36, 0x27, 0x2c, 0x0a
.byte 0x20, 0x20, 0x20, 0x20, 0x20, 0x20, 0x20, 0x20, 0x20, 0x20, 0x20, 0x20, 0x20, 0x20, 0x20, 0x20
.byte 0x20, 0x20, 0x20, 0x20, 0x20, 0x20, 0x20, 0x20, 0x20, 0x20, 0x20, 0x20, 0x65, 0x6d, 0x65, 0x72
.byte 0x61, 0x6c, 0x64, 0x3a, 0x20, 0x27, 0x23, 0x31, 0x30, 0x62, 0x39, 0x38, 0x31, 0x27, 0x2c, 0x0a
.byte 0x20, 0x20, 0x20, 0x20, 0x20, 0x20, 0x20, 0x20, 0x20, 0x20, 0x20, 0x20, 0x20, 0x20, 0x20, 0x20
.byte 0x20, 0x20, 0x20, 0x20, 0x20, 0x20, 0x20, 0x20, 0x20, 0x20, 0x20, 0x20, 0x64, 0x61, 0x72, 0x6b
.byte 0x3a, 0x20, 0x27, 0x23, 0x30, 0x66, 0x31, 0x37, 0x32, 0x61, 0x27, 0x2c, 0x0a, 0x20, 0x20, 0x20
.byte 0x20, 0x20, 0x20, 0x20, 0x20, 0x20, 0x20, 0x20, 0x20, 0x20, 0x20, 0x20, 0x20, 0x20, 0x20, 0x20
.byte 0x20, 0x20, 0x20, 0x20, 0x20, 0x20, 0x20, 0x20, 0x20, 0x67, 0x6c, 0x61, 0x73, 0x73, 0x3a, 0x20
.byte 0x27, 0x72, 0x67, 0x62, 0x61, 0x28, 0x32, 0x35, 0x35, 0x2c, 0x20, 0x32, 0x35, 0x35, 0x2c, 0x20
.byte 0x32, 0x35, 0x35, 0x2c, 0x20, 0x30, 0x2e, 0x30, 0x38, 0x29, 0x27, 0x2c, 0x0a, 0x20, 0x20, 0x20
.byte 0x20, 0x20, 0x20, 0x20, 0x20, 0x20, 0x20, 0x20, 0x20, 0x20, 0x20, 0x20, 0x20, 0x20, 0x20, 0x20
.byte 0x20, 0x20, 0x20, 0x20, 0x20, 0x20, 0x20, 0x20, 0x20, 0x67, 0x6c, 0x61, 0x73, 0x73, 0x42, 0x6f
.byte 0x72, 0x64, 0x65, 0x72, 0x3a, 0x20, 0x27, 0x72, 0x67, 0x62, 0x61, 0x28, 0x32, 0x35, 0x35, 0x2c
.byte 0x20, 0x32, 0x35, 0x35, 0x2c, 0x20, 0x32, 0x35, 0x35, 0x2c, 0x20, 0x30, 0x2e, 0x31, 0x35, 0x29
.byte 0x27, 0x2c, 0x0a, 0x20, 0x20, 0x20, 0x20, 0x20, 0x20, 0x20, 0x20, 0x20, 0x20, 0x20, 0x20, 0x20
.byte 0x20, 0x20, 0x20, 0x20, 0x20, 0x20, 0x20, 0x20, 0x20, 0x20, 0x20, 0x20, 0x20, 0x20, 0x20, 0x63
.byte 0x61, 0x72, 0x64, 0x44, 0x61, 0x72, 0x6b, 0x3a, 0x20, 0x27, 0x72, 0x67, 0x62, 0x61, 0x28, 0x31
.byte 0x35, 0x2c, 0x20, 0x32, 0x33, 0x2c, 0x20, 0x34, 0x32, 0x2c, 0x20, 0x30, 0x2e, 0x36, 0x35, 0x29
.byte 0x27, 0x0a, 0x20, 0x20, 0x20, 0x20, 0x20, 0x20, 0x20, 0x20, 0x20, 0x20, 0x20, 0x20, 0x20, 0x20
.byte 0x20, 0x20, 0x20, 0x20, 0x20, 0x20, 0x20, 0x20, 0x20, 0x20, 0x7d, 0x0a, 0x20, 0x20, 0x20, 0x20
.byte 0x20, 0x20, 0x20, 0x20, 0x20, 0x20, 0x20, 0x20, 0x20, 0x20, 0x20, 0x20, 0x20, 0x20, 0x20, 0x20
.byte 0x7d, 0x2c, 0x0a, 0x20, 0x20, 0x20, 0x20, 0x20, 0x20, 0x20, 0x20, 0x20, 0x20, 0x20, 0x20, 0x20
.byte 0x20, 0x20, 0x20, 0x20, 0x20, 0x20, 0x20, 0x66, 0x6f, 0x6e, 0x74, 0x46, 0x61, 0x6d, 0x69, 0x6c
.byte 0x79, 0x3a, 0x20, 0x7b, 0x0a, 0x20, 0x20, 0x20, 0x20, 0x20, 0x20, 0x20, 0x20, 0x20, 0x20, 0x20
.byte 0x20, 0x20, 0x20, 0x20, 0x20, 0x20, 0x20, 0x20, 0x20, 0x20, 0x20, 0x20, 0x20, 0x73, 0x61, 0x6e
.byte 0x73, 0x3a, 0x20, 0x5b, 0x27, 0x49, 0x6e, 0x74, 0x65, 0x72, 0x27, 0x2c, 0x20, 0x27, 0x73, 0x61
.byte 0x6e, 0x73, 0x2d, 0x73, 0x65, 0x72, 0x69, 0x66, 0x27, 0x5d, 0x2c, 0x0a, 0x20, 0x20, 0x20, 0x20
.byte 0x20, 0x20, 0x20, 0x20, 0x20, 0x20, 0x20, 0x20, 0x20, 0x20, 0x20, 0x20, 0x20, 0x20, 0x20, 0x20
.byte 0x7d, 0x0a, 0x20, 0x20, 0x20, 0x20, 0x20, 0x20, 0x20, 0x20, 0x20, 0x20, 0x20, 0x20, 0x20, 0x20
.byte 0x20, 0x20, 0x7d, 0x0a, 0x20, 0x20, 0x20, 0x20, 0x20, 0x20, 0x20, 0x20, 0x20, 0x20, 0x20, 0x20
.byte 0x7d, 0x0a, 0x20, 0x20, 0x20, 0x20, 0x20, 0x20, 0x20, 0x20, 0x7d, 0x0a, 0x20, 0x20, 0x20, 0x20
.byte 0x3c, 0x2f, 0x73, 0x63, 0x72, 0x69, 0x70, 0x74, 0x3e, 0x0a, 0x20, 0x20, 0x20, 0x20, 0x3c, 0x73
.byte 0x74, 0x79, 0x6c, 0x65, 0x3e, 0x0a, 0x20, 0x20, 0x20, 0x20, 0x20, 0x20, 0x20, 0x20, 0x62, 0x6f
.byte 0x64, 0x79, 0x20, 0x7b, 0x0a, 0x20, 0x20, 0x20, 0x20, 0x20, 0x20, 0x20, 0x20, 0x20, 0x20, 0x20
.byte 0x20, 0x66, 0x6f, 0x6e, 0x74, 0x2d, 0x66, 0x61, 0x6d, 0x69, 0x6c, 0x79, 0x3a, 0x20, 0x27, 0x49
.byte 0x6e, 0x74, 0x65, 0x72, 0x27, 0x2c, 0x20, 0x73, 0x61, 0x6e, 0x73, 0x2d, 0x73, 0x65, 0x72, 0x69
.byte 0x66, 0x3b, 0x0a, 0x20, 0x20, 0x20, 0x20, 0x20, 0x20, 0x20, 0x20, 0x20, 0x20, 0x20, 0x20, 0x62
.byte 0x61, 0x63, 0x6b, 0x67, 0x72, 0x6f, 0x75, 0x6e, 0x64, 0x3a, 0x20, 0x6c, 0x69, 0x6e, 0x65, 0x61
.byte 0x72, 0x2d, 0x67, 0x72, 0x61, 0x64, 0x69, 0x65, 0x6e, 0x74, 0x28, 0x31, 0x33, 0x35, 0x64, 0x65
.byte 0x67, 0x2c, 0x20, 0x23, 0x30, 0x39, 0x31, 0x65, 0x31, 0x34, 0x20, 0x30, 0x25, 0x2c, 0x20, 0x23
.byte 0x30, 0x66, 0x31, 0x37, 0x32, 0x61, 0x20, 0x35, 0x30, 0x25, 0x2c, 0x20, 0x23, 0x30, 0x36, 0x32
.byte 0x31, 0x31, 0x37, 0x20, 0x31, 0x30, 0x30, 0x25, 0x29, 0x3b, 0x0a, 0x20, 0x20, 0x20, 0x20, 0x20
.byte 0x20, 0x20, 0x20, 0x20, 0x20, 0x20, 0x20, 0x62, 0x61, 0x63, 0x6b, 0x67, 0x72, 0x6f, 0x75, 0x6e
.byte 0x64, 0x2d, 0x61, 0x74, 0x74, 0x61, 0x63, 0x68, 0x6d, 0x65, 0x6e, 0x74, 0x3a, 0x20, 0x66, 0x69
.byte 0x78, 0x65, 0x64, 0x3b, 0x0a, 0x20, 0x20, 0x20, 0x20, 0x20, 0x20, 0x20, 0x20, 0x20, 0x20, 0x20
.byte 0x20, 0x6d, 0x69, 0x6e, 0x2d, 0x68, 0x65, 0x69, 0x67, 0x68, 0x74, 0x3a, 0x20, 0x31, 0x30, 0x30
.byte 0x76, 0x68, 0x3b, 0x0a, 0x20, 0x20, 0x20, 0x20, 0x20, 0x20, 0x20, 0x20, 0x20, 0x20, 0x20, 0x20
.byte 0x63, 0x6f, 0x6c, 0x6f, 0x72, 0x3a, 0x20, 0x23, 0x66, 0x38, 0x66, 0x61, 0x66, 0x63, 0x3b, 0x0a
.byte 0x20, 0x20, 0x20, 0x20, 0x20, 0x20, 0x20, 0x20, 0x7d, 0x0a, 0x0a, 0x20, 0x20, 0x20, 0x20, 0x20
.byte 0x20, 0x20, 0x20, 0x2f, 0x2a, 0x20, 0x47, 0x6c, 0x61, 0x73, 0x73, 0x6d, 0x6f, 0x72, 0x70, 0x68
.byte 0x69, 0x73, 0x6d, 0x20, 0x43, 0x6f, 0x72, 0x65, 0x20, 0x43, 0x6c, 0x61, 0x73, 0x73, 0x65, 0x73
.byte 0x20, 0x2a, 0x2f, 0x0a, 0x20, 0x20, 0x20, 0x20, 0x20, 0x20, 0x20, 0x20, 0x2e, 0x67, 0x6c, 0x61
.byte 0x73, 0x73, 0x2d, 0x63, 0x61, 0x72, 0x64, 0x20, 0x7b, 0x0a, 0x20, 0x20, 0x20, 0x20, 0x20, 0x20
.byte 0x20, 0x20, 0x20, 0x20, 0x20, 0x20, 0x62, 0x61, 0x63, 0x6b, 0x67, 0x72, 0x6f, 0x75, 0x6e, 0x64
.byte 0x3a, 0x20, 0x72, 0x67, 0x62, 0x61, 0x28, 0x32, 0x35, 0x35, 0x2c, 0x20, 0x32, 0x35, 0x35, 0x2c
.byte 0x20, 0x32, 0x35, 0x35, 0x2c, 0x20, 0x30, 0x2e, 0x30, 0x35, 0x29, 0x3b, 0x0a, 0x20, 0x20, 0x20
.byte 0x20, 0x20, 0x20, 0x20, 0x20, 0x20, 0x20, 0x20, 0x20, 0x62, 0x61, 0x63, 0x6b, 0x64, 0x72, 0x6f
.byte 0x70, 0x2d, 0x66, 0x69, 0x6c, 0x74, 0x65, 0x72, 0x3a, 0x20, 0x62, 0x6c, 0x75, 0x72, 0x28, 0x31
.byte 0x36, 0x70, 0x78, 0x29, 0x3b, 0x0a, 0x20, 0x20, 0x20, 0x20, 0x20, 0x20, 0x20, 0x20, 0x20, 0x20
.byte 0x20, 0x20, 0x2d, 0x77, 0x65, 0x62, 0x6b, 0x69, 0x74, 0x2d, 0x62, 0x61, 0x63, 0x6b, 0x64, 0x72
.byte 0x6f, 0x70, 0x2d, 0x66, 0x69, 0x6c, 0x74, 0x65, 0x72, 0x3a, 0x20, 0x62, 0x6c, 0x75, 0x72, 0x28
.byte 0x31, 0x36, 0x70, 0x78, 0x29, 0x3b, 0x0a, 0x20, 0x20, 0x20, 0x20, 0x20, 0x20, 0x20, 0x20, 0x20
.byte 0x20, 0x20, 0x20, 0x62, 0x6f, 0x72, 0x64, 0x65, 0x72, 0x3a, 0x20, 0x31, 0x70, 0x78, 0x20, 0x73
.byte 0x6f, 0x6c, 0x69, 0x64, 0x20, 0x72, 0x67, 0x62, 0x61, 0x28, 0x32, 0x35, 0x35, 0x2c, 0x20, 0x32
.byte 0x35, 0x35, 0x2c, 0x20, 0x32, 0x35, 0x35, 0x2c, 0x20, 0x30, 0x2e, 0x31, 0x32, 0x29, 0x3b, 0x0a
.byte 0x20, 0x20, 0x20, 0x20, 0x20, 0x20, 0x20, 0x20, 0x20, 0x20, 0x20, 0x20, 0x62, 0x6f, 0x78, 0x2d
.byte 0x73, 0x68, 0x61, 0x64, 0x6f, 0x77, 0x3a, 0x20, 0x30, 0x20, 0x38, 0x70, 0x78, 0x20, 0x33, 0x32
.byte 0x70, 0x78, 0x20, 0x30, 0x20, 0x72, 0x67, 0x62, 0x61, 0x28, 0x30, 0x2c, 0x20, 0x30, 0x2c, 0x20
.byte 0x30, 0x2c, 0x20, 0x30, 0x2e, 0x33, 0x37, 0x29, 0x3b, 0x0a, 0x20, 0x20, 0x20, 0x20, 0x20, 0x20
.byte 0x20, 0x20, 0x7d, 0x0a, 0x0a, 0x20, 0x20, 0x20, 0x20, 0x20, 0x20, 0x20, 0x20, 0x2e, 0x67, 0x6c
.byte 0x61, 0x73, 0x73, 0x2d, 0x63, 0x61, 0x72, 0x64, 0x2d, 0x68, 0x6f, 0x76, 0x65, 0x72, 0x20, 0x7b
.byte 0x0a, 0x20, 0x20, 0x20, 0x20, 0x20, 0x20, 0x20, 0x20, 0x20, 0x20, 0x20, 0x20, 0x74, 0x72, 0x61
.byte 0x6e, 0x73, 0x69, 0x74, 0x69, 0x6f, 0x6e, 0x3a, 0x20, 0x61, 0x6c, 0x6c, 0x20, 0x30, 0x2e, 0x33
.byte 0x73, 0x20, 0x63, 0x75, 0x62, 0x69, 0x63, 0x2d, 0x62, 0x65, 0x7a, 0x69, 0x65, 0x72, 0x28, 0x30
.byte 0x2e, 0x34, 0x2c, 0x20, 0x30, 0x2c, 0x20, 0x30, 0x2e, 0x32, 0x2c, 0x20, 0x31, 0x29, 0x3b, 0x0a
.byte 0x20, 0x20, 0x20, 0x20, 0x20, 0x20, 0x20, 0x20, 0x7d, 0x0a, 0x20, 0x20, 0x20, 0x20, 0x20, 0x20
.byte 0x20, 0x20, 0x2e, 0x67, 0x6c, 0x61, 0x73, 0x73, 0x2d, 0x63, 0x61, 0x72, 0x64, 0x2d, 0x68, 0x6f
.byte 0x76, 0x65, 0x72, 0x3a, 0x68, 0x6f, 0x76, 0x65, 0x72, 0x20, 0x7b, 0x0a, 0x20, 0x20, 0x20, 0x20
.byte 0x20, 0x20, 0x20, 0x20, 0x20, 0x20, 0x20, 0x20, 0x62, 0x61, 0x63, 0x6b, 0x67, 0x72, 0x6f, 0x75
.byte 0x6e, 0x64, 0x3a, 0x20, 0x72, 0x67, 0x62, 0x61, 0x28, 0x32, 0x35, 0x35, 0x2c, 0x20, 0x32, 0x35
.byte 0x35, 0x2c, 0x20, 0x32, 0x35, 0x35, 0x2c, 0x20, 0x30, 0x2e, 0x30, 0x39, 0x29, 0x3b, 0x0a, 0x20
.byte 0x20, 0x20, 0x20, 0x20, 0x20, 0x20, 0x20, 0x20, 0x20, 0x20, 0x20, 0x62, 0x6f, 0x72, 0x64, 0x65
.byte 0x72, 0x2d, 0x63, 0x6f, 0x6c, 0x6f, 0x72, 0x3a, 0x20, 0x72, 0x67, 0x62, 0x61, 0x28, 0x31, 0x33
.byte 0x32, 0x2c, 0x20, 0x32, 0x30, 0x34, 0x2c, 0x20, 0x32, 0x32, 0x2c, 0x20, 0x30, 0x2e, 0x33, 0x29
.byte 0x3b, 0x0a, 0x20, 0x20, 0x20, 0x20, 0x20, 0x20, 0x20, 0x20, 0x20, 0x20, 0x20, 0x20, 0x74, 0x72
.byte 0x61, 0x6e, 0x73, 0x66, 0x6f, 0x72, 0x6d, 0x3a, 0x20, 0x74, 0x72, 0x61, 0x6e, 0x73, 0x6c, 0x61
.byte 0x74, 0x65, 0x59, 0x28, 0x2d, 0x32, 0x70, 0x78, 0x29, 0x3b, 0x0a, 0x20, 0x20, 0x20, 0x20, 0x20
.byte 0x20, 0x20, 0x20, 0x20, 0x20, 0x20, 0x20, 0x62, 0x6f, 0x78, 0x2d, 0x73, 0x68, 0x61, 0x64, 0x6f
.byte 0x77, 0x3a, 0x20, 0x30, 0x20, 0x31, 0x32, 0x70, 0x78, 0x20, 0x34, 0x30, 0x70, 0x78, 0x20, 0x30
.byte 0x20, 0x72, 0x67, 0x62, 0x61, 0x28, 0x31, 0x33, 0x32, 0x2c, 0x20, 0x32, 0x30, 0x34, 0x2c, 0x20
.byte 0x32, 0x32, 0x2c, 0x20, 0x30, 0x2e, 0x31, 0x35, 0x29, 0x3b, 0x0a, 0x20, 0x20, 0x20, 0x20, 0x20
.byte 0x20, 0x20, 0x20, 0x7d, 0x0a, 0x0a, 0x20, 0x20, 0x20, 0x20, 0x20, 0x20, 0x20, 0x20, 0x2e, 0x67
.byte 0x6c, 0x61, 0x73, 0x73, 0x2d, 0x70, 0x69, 0x6c, 0x6c, 0x20, 0x7b, 0x0a, 0x20, 0x20, 0x20, 0x20
.byte 0x20, 0x20, 0x20, 0x20, 0x20, 0x20, 0x20, 0x20, 0x62, 0x61, 0x63, 0x6b, 0x67, 0x72, 0x6f, 0x75
.byte 0x6e, 0x64, 0x3a, 0x20, 0x72, 0x67, 0x62, 0x61, 0x28, 0x32, 0x35, 0x35, 0x2c, 0x20, 0x32, 0x35
.byte 0x35, 0x2c, 0x20, 0x32, 0x35, 0x35, 0x2c, 0x20, 0x30, 0x2e, 0x30, 0x38, 0x29, 0x3b, 0x0a, 0x20
.byte 0x20, 0x20, 0x20, 0x20, 0x20, 0x20, 0x20, 0x20, 0x20, 0x20, 0x20, 0x62, 0x61, 0x63, 0x6b, 0x64
.byte 0x72, 0x6f, 0x70, 0x2d, 0x66, 0x69, 0x6c, 0x74, 0x65, 0x72, 0x3a, 0x20, 0x62, 0x6c, 0x75, 0x72
.byte 0x28, 0x38, 0x70, 0x78, 0x29, 0x3b, 0x0a, 0x20, 0x20, 0x20, 0x20, 0x20, 0x20, 0x20, 0x20, 0x20
.byte 0x20, 0x20, 0x20, 0x62, 0x6f, 0x72, 0x64, 0x65, 0x72, 0x3a, 0x20, 0x31, 0x70, 0x78, 0x20, 0x73
.byte 0x6f, 0x6c, 0x69, 0x64, 0x20, 0x72, 0x67, 0x62, 0x61, 0x28, 0x32, 0x35, 0x35, 0x2c, 0x20, 0x32
.byte 0x35, 0x35, 0x2c, 0x20, 0x32, 0x35, 0x35, 0x2c, 0x20, 0x30, 0x2e, 0x31, 0x29, 0x3b, 0x0a, 0x20
.byte 0x20, 0x20, 0x20, 0x20, 0x20, 0x20, 0x20, 0x7d, 0x0a, 0x0a, 0x20, 0x20, 0x20, 0x20, 0x20, 0x20
.byte 0x20, 0x20, 0x2f, 0x2a, 0x20, 0x54, 0x6f, 0x67, 0x67, 0x6c, 0x65, 0x20, 0x73, 0x77, 0x69, 0x74
.byte 0x63, 0x68, 0x20, 0x63, 0x75, 0x73, 0x74, 0x6f, 0x6d, 0x20, 0x73, 0x74, 0x79, 0x6c, 0x69, 0x6e
.byte 0x67, 0x20, 0x2a, 0x2f, 0x0a, 0x20, 0x20, 0x20, 0x20, 0x20, 0x20, 0x20, 0x20, 0x2e, 0x74, 0x6f
.byte 0x67, 0x67, 0x6c, 0x65, 0x2d, 0x63, 0x68, 0x65, 0x63, 0x6b, 0x62, 0x6f, 0x78, 0x3a, 0x63, 0x68
.byte 0x65, 0x63, 0x6b, 0x65, 0x64, 0x20, 0x7b, 0x0a, 0x20, 0x20, 0x20, 0x20, 0x20, 0x20, 0x20, 0x20
.byte 0x20, 0x20, 0x20, 0x20, 0x72, 0x69, 0x67, 0x68, 0x74, 0x3a, 0x20, 0x30, 0x3b, 0x0a, 0x20, 0x20
.byte 0x20, 0x20, 0x20, 0x20, 0x20, 0x20, 0x20, 0x20, 0x20, 0x20, 0x62, 0x61, 0x63, 0x6b, 0x67, 0x72
.byte 0x6f, 0x75, 0x6e, 0x64, 0x2d, 0x63, 0x6f, 0x6c, 0x6f, 0x72, 0x3a, 0x20, 0x23, 0x38, 0x34, 0x63
.byte 0x63, 0x31, 0x36, 0x3b, 0x0a, 0x20, 0x20, 0x20, 0x20, 0x20, 0x20, 0x20, 0x20, 0x7d, 0x0a, 0x20
.byte 0x20, 0x20, 0x20, 0x20, 0x20, 0x20, 0x20, 0x2e, 0x74, 0x6f, 0x67, 0x67, 0x6c, 0x65, 0x2d, 0x63
.byte 0x68, 0x65, 0x63, 0x6b, 0x62, 0x6f, 0x78, 0x3a, 0x63, 0x68, 0x65, 0x63, 0x6b, 0x65, 0x64, 0x20
.byte 0x2b, 0x20, 0x2e, 0x74, 0x6f, 0x67, 0x67, 0x6c, 0x65, 0x2d, 0x6c, 0x61, 0x62, 0x65, 0x6c, 0x20
.byte 0x7b, 0x0a, 0x20, 0x20, 0x20, 0x20, 0x20, 0x20, 0x20, 0x20, 0x20, 0x20, 0x20, 0x20, 0x62, 0x61
.byte 0x63, 0x6b, 0x67, 0x72, 0x6f, 0x75, 0x6e, 0x64, 0x2d, 0x63, 0x6f, 0x6c, 0x6f, 0x72, 0x3a, 0x20
.byte 0x72, 0x67, 0x62, 0x61, 0x28, 0x31, 0x33, 0x32, 0x2c, 0x20, 0x32, 0x30, 0x34, 0x2c, 0x20, 0x32
.byte 0x32, 0x2c, 0x20, 0x30, 0x2e, 0x33, 0x29, 0x3b, 0x0a, 0x20, 0x20, 0x20, 0x20, 0x20, 0x20, 0x20
.byte 0x20, 0x7d, 0x0a, 0x0a, 0x20, 0x20, 0x20, 0x20, 0x20, 0x20, 0x20, 0x20, 0x2f, 0x2a, 0x20, 0x43
.byte 0x75, 0x73, 0x74, 0x6f, 0x6d, 0x20, 0x53, 0x63, 0x72, 0x6f, 0x6c, 0x6c, 0x62, 0x61, 0x72, 0x20
.byte 0x2a, 0x2f, 0x0a, 0x20, 0x20, 0x20, 0x20, 0x20, 0x20, 0x20, 0x20, 0x3a, 0x3a, 0x2d, 0x77, 0x65
.byte 0x62, 0x6b, 0x69, 0x74, 0x2d, 0x73, 0x63, 0x72, 0x6f, 0x6c, 0x6c, 0x62, 0x61, 0x72, 0x20, 0x7b
.byte 0x0a, 0x20, 0x20, 0x20, 0x20, 0x20, 0x20, 0x20, 0x20, 0x20, 0x20, 0x20, 0x20, 0x77, 0x69, 0x64
.byte 0x74, 0x68, 0x3a, 0x20, 0x36, 0x70, 0x78, 0x3b, 0x0a, 0x20, 0x20, 0x20, 0x20, 0x20, 0x20, 0x20
.byte 0x20, 0x7d, 0x0a, 0x20, 0x20, 0x20, 0x20, 0x20, 0x20, 0x20, 0x20, 0x3a, 0x3a, 0x2d, 0x77, 0x65
.byte 0x62, 0x6b, 0x69, 0x74, 0x2d, 0x73, 0x63, 0x72, 0x6f, 0x6c, 0x6c, 0x62, 0x61, 0x72, 0x2d, 0x74
.byte 0x72, 0x61, 0x63, 0x6b, 0x20, 0x7b, 0x0a, 0x20, 0x20, 0x20, 0x20, 0x20, 0x20, 0x20, 0x20, 0x20
.byte 0x20, 0x20, 0x20, 0x62, 0x61, 0x63, 0x6b, 0x67, 0x72, 0x6f, 0x75, 0x6e, 0x64, 0x3a, 0x20, 0x72
.byte 0x67, 0x62, 0x61, 0x28, 0x31, 0x35, 0x2c, 0x20, 0x32, 0x33, 0x2c, 0x20, 0x34, 0x32, 0x2c, 0x20
.byte 0x30, 0x2e, 0x36, 0x29, 0x3b, 0x0a, 0x20, 0x20, 0x20, 0x20, 0x20, 0x20, 0x20, 0x20, 0x7d, 0x0a
.byte 0x20, 0x20, 0x20, 0x20, 0x20, 0x20, 0x20, 0x20, 0x3a, 0x3a, 0x2d, 0x77, 0x65, 0x62, 0x6b, 0x69
.byte 0x74, 0x2d, 0x73, 0x63, 0x72, 0x6f, 0x6c, 0x6c, 0x62, 0x61, 0x72, 0x2d, 0x74, 0x68, 0x75, 0x6d
.byte 0x62, 0x20, 0x7b, 0x0a, 0x20, 0x20, 0x20, 0x20, 0x20, 0x20, 0x20, 0x20, 0x20, 0x20, 0x20, 0x20
.byte 0x62, 0x61, 0x63, 0x6b, 0x67, 0x72, 0x6f, 0x75, 0x6e, 0x64, 0x3a, 0x20, 0x72, 0x67, 0x62, 0x61
.byte 0x28, 0x32, 0x35, 0x35, 0x2c, 0x20, 0x32, 0x35, 0x35, 0x2c, 0x20, 0x32, 0x35, 0x35, 0x2c, 0x20
.byte 0x30, 0x2e, 0x32, 0x29, 0x3b, 0x0a, 0x20, 0x20, 0x20, 0x20, 0x20, 0x20, 0x20, 0x20, 0x20, 0x20
.byte 0x20, 0x20, 0x62, 0x6f, 0x72, 0x64, 0x65, 0x72, 0x2d, 0x72, 0x61, 0x64, 0x69, 0x75, 0x73, 0x3a
.byte 0x20, 0x33, 0x70, 0x78, 0x3b, 0x0a, 0x20, 0x20, 0x20, 0x20, 0x20, 0x20, 0x20, 0x20, 0x7d, 0x0a
.byte 0x20, 0x20, 0x20, 0x20, 0x20, 0x20, 0x20, 0x20, 0x3a, 0x3a, 0x2d, 0x77, 0x65, 0x62, 0x6b, 0x69
.byte 0x74, 0x2d, 0x73, 0x63, 0x72, 0x6f, 0x6c, 0x6c, 0x62, 0x61, 0x72, 0x2d, 0x74, 0x68, 0x75, 0x6d
.byte 0x62, 0x3a, 0x68, 0x6f, 0x76, 0x65, 0x72, 0x20, 0x7b, 0x0a, 0x20, 0x20, 0x20, 0x20, 0x20, 0x20
.byte 0x20, 0x20, 0x20, 0x20, 0x20, 0x20, 0x62, 0x61, 0x63, 0x6b, 0x67, 0x72, 0x6f, 0x75, 0x6e, 0x64
.byte 0x3a, 0x20, 0x23, 0x38, 0x34, 0x63, 0x63, 0x31, 0x36, 0x3b, 0x0a, 0x20, 0x20, 0x20, 0x20, 0x20
.byte 0x20, 0x20, 0x20, 0x7d, 0x0a, 0x20, 0x20, 0x20, 0x20, 0x3c, 0x2f, 0x73, 0x74, 0x79, 0x6c, 0x65
.byte 0x3e, 0x0a, 0x3c, 0x2f, 0x68, 0x65, 0x61, 0x64, 0x3e, 0x0a, 0x3c, 0x62, 0x6f, 0x64, 0x79, 0x20
.byte 0x63, 0x6c, 0x61, 0x73, 0x73, 0x3d, 0x22, 0x70, 0x2d, 0x33, 0x20, 0x73, 0x6d, 0x3a, 0x70, 0x2d
.byte 0x36, 0x20, 0x6d, 0x64, 0x3a, 0x70, 0x2d, 0x38, 0x20, 0x66, 0x6c, 0x65, 0x78, 0x20, 0x66, 0x6c
.byte 0x65, 0x78, 0x2d, 0x63, 0x6f, 0x6c, 0x20, 0x6a, 0x75, 0x73, 0x74, 0x69, 0x66, 0x79, 0x2d, 0x62
.byte 0x65, 0x74, 0x77, 0x65, 0x65, 0x6e, 0x22, 0x3e, 0x0a, 0x0a, 0x20, 0x20, 0x20, 0x20, 0x3c, 0x64
.byte 0x69, 0x76, 0x20, 0x63, 0x6c, 0x61, 0x73, 0x73, 0x3d, 0x22, 0x6d, 0x61, 0x78, 0x2d, 0x77, 0x2d
.byte 0x37, 0x78, 0x6c, 0x20, 0x6d, 0x78, 0x2d, 0x61, 0x75, 0x74, 0x6f, 0x20, 0x77, 0x2d, 0x66, 0x75
.byte 0x6c, 0x6c, 0x22, 0x3e, 0x0a, 0x20, 0x20, 0x20, 0x20, 0x20, 0x20, 0x20, 0x20, 0x3c, 0x21, 0x2d
.byte 0x2d, 0x20, 0x54, 0x6f, 0x70, 0x20, 0x48, 0x65, 0x61, 0x64, 0x65, 0x72, 0x20, 0x4e, 0x61, 0x76
.byte 0x69, 0x67, 0x61, 0x74, 0x69, 0x6f, 0x6e, 0x20, 0x2d, 0x2d, 0x3e, 0x0a, 0x20, 0x20, 0x20, 0x20
.byte 0x20, 0x20, 0x20, 0x20, 0x3c, 0x68, 0x65, 0x61, 0x64, 0x65, 0x72, 0x20, 0x63, 0x6c, 0x61, 0x73
.byte 0x73, 0x3d, 0x22, 0x67, 0x6c, 0x61, 0x73, 0x73, 0x2d, 0x63, 0x61, 0x72, 0x64, 0x20, 0x72, 0x6f
.byte 0x75, 0x6e, 0x64, 0x65, 0x64, 0x2d, 0x32, 0x78, 0x6c, 0x20, 0x70, 0x2d, 0x34, 0x20, 0x73, 0x6d
.byte 0x3a, 0x70, 0x2d, 0x35, 0x20, 0x6d, 0x62, 0x2d, 0x36, 0x20, 0x66, 0x6c, 0x65, 0x78, 0x20, 0x66
.byte 0x6c, 0x65, 0x78, 0x2d, 0x77, 0x72, 0x61, 0x70, 0x20, 0x69, 0x74, 0x65, 0x6d, 0x73, 0x2d, 0x63
.byte 0x65, 0x6e, 0x74, 0x65, 0x72, 0x20, 0x6a, 0x75, 0x73, 0x74, 0x69, 0x66, 0x79, 0x2d, 0x62, 0x65
.byte 0x74, 0x77, 0x65, 0x65, 0x6e, 0x20, 0x67, 0x61, 0x70, 0x2d, 0x34, 0x22, 0x3e, 0x0a, 0x20, 0x20
.byte 0x20, 0x20, 0x20, 0x20, 0x20, 0x20, 0x20, 0x20, 0x20, 0x20, 0x3c, 0x64, 0x69, 0x76, 0x20, 0x63
.byte 0x6c, 0x61, 0x73, 0x73, 0x3d, 0x22, 0x66, 0x6c, 0x65, 0x78, 0x20, 0x69, 0x74, 0x65, 0x6d, 0x73
.byte 0x2d, 0x63, 0x65, 0x6e, 0x74, 0x65, 0x72, 0x20, 0x67, 0x61, 0x70, 0x2d, 0x33, 0x22, 0x3e, 0x0a
.byte 0x20, 0x20, 0x20, 0x20, 0x20, 0x20, 0x20, 0x20, 0x20, 0x20, 0x20, 0x20, 0x20, 0x20, 0x20, 0x20
.byte 0x3c, 0x64, 0x69, 0x76, 0x20, 0x63, 0x6c, 0x61, 0x73, 0x73, 0x3d, 0x22, 0x77, 0x2d, 0x31, 0x30
.byte 0x20, 0x68, 0x2d, 0x31, 0x30, 0x20, 0x72, 0x6f, 0x75, 0x6e, 0x64, 0x65, 0x64, 0x2d, 0x78, 0x6c
.byte 0x20, 0x62, 0x67, 0x2d, 0x67, 0x72, 0x61, 0x64, 0x69, 0x65, 0x6e, 0x74, 0x2d, 0x74, 0x6f, 0x2d
.byte 0x74, 0x72, 0x20, 0x66, 0x72, 0x6f, 0x6d, 0x2d, 0x6c, 0x69, 0x6d, 0x65, 0x2d, 0x35, 0x30, 0x30
.byte 0x20, 0x74, 0x6f, 0x2d, 0x65, 0x6d, 0x65, 0x72, 0x61, 0x6c, 0x64, 0x2d, 0x34, 0x30, 0x30, 0x20
.byte 0x66, 0x6c, 0x65, 0x78, 0x20, 0x69, 0x74, 0x65, 0x6d, 0x73, 0x2d, 0x63, 0x65, 0x6e, 0x74, 0x65
.byte 0x72, 0x20, 0x6a, 0x75, 0x73, 0x74, 0x69, 0x66, 0x79, 0x2d, 0x63, 0x65, 0x6e, 0x74, 0x65, 0x72
.byte 0x20, 0x74, 0x65, 0x78, 0x74, 0x2d, 0x73, 0x6c, 0x61, 0x74, 0x65, 0x2d, 0x39, 0x35, 0x30, 0x20
.byte 0x66, 0x6f, 0x6e, 0x74, 0x2d, 0x62, 0x6f, 0x6c, 0x64, 0x20, 0x74, 0x65, 0x78, 0x74, 0x2d, 0x78
.byte 0x6c, 0x20, 0x73, 0x68, 0x61, 0x64, 0x6f, 0x77, 0x2d, 0x6c, 0x67, 0x20, 0x73, 0x68, 0x61, 0x64
.byte 0x6f, 0x77, 0x2d, 0x6c, 0x69, 0x6d, 0x65, 0x2d, 0x35, 0x30, 0x30, 0x2f, 0x33, 0x30, 0x22, 0x3e
.byte 0x0a, 0x20, 0x20, 0x20, 0x20, 0x20, 0x20, 0x20, 0x20, 0x20, 0x20, 0x20, 0x20, 0x20, 0x20, 0x20
.byte 0x20, 0x20, 0x20, 0x20, 0x20, 0x3c, 0x69, 0x20, 0x63, 0x6c, 0x61, 0x73, 0x73, 0x3d, 0x22, 0x66
.byte 0x61, 0x2d, 0x73, 0x6f, 0x6c, 0x69, 0x64, 0x20, 0x66, 0x61, 0x2d, 0x6c, 0x65, 0x61, 0x66, 0x22
.byte 0x3e, 0x3c, 0x2f, 0x69, 0x3e, 0x0a, 0x20, 0x20, 0x20, 0x20, 0x20, 0x20, 0x20, 0x20, 0x20, 0x20
.byte 0x20, 0x20, 0x20, 0x20, 0x20, 0x20, 0x3c, 0x2f, 0x64, 0x69, 0x76, 0x3e, 0x0a, 0x20, 0x20, 0x20
.byte 0x20, 0x20, 0x20, 0x20, 0x20, 0x20, 0x20, 0x20, 0x20, 0x20, 0x20, 0x20, 0x20, 0x3c, 0x64, 0x69
.byte 0x76, 0x3e, 0x0a, 0x20, 0x20, 0x20, 0x20, 0x20, 0x20, 0x20, 0x20, 0x20, 0x20, 0x20, 0x20, 0x20
.byte 0x20, 0x20, 0x20, 0x20, 0x20, 0x20, 0x20, 0x3c, 0x68, 0x31, 0x20, 0x63, 0x6c, 0x61, 0x73, 0x73
.byte 0x3d, 0x22, 0x74, 0x65, 0x78, 0x74, 0x2d, 0x78, 0x6c, 0x20, 0x66, 0x6f, 0x6e, 0x74, 0x2d, 0x62
.byte 0x6f, 0x6c, 0x64, 0x20, 0x74, 0x72, 0x61, 0x63, 0x6b, 0x69, 0x6e, 0x67, 0x2d, 0x74, 0x69, 0x67
.byte 0x68, 0x74, 0x20, 0x74, 0x65, 0x78, 0x74, 0x2d, 0x77, 0x68, 0x69, 0x74, 0x65, 0x20, 0x66, 0x6c
.byte 0x65, 0x78, 0x20, 0x69, 0x74, 0x65, 0x6d, 0x73, 0x2d, 0x63, 0x65, 0x6e, 0x74, 0x65, 0x72, 0x20
.byte 0x67, 0x61, 0x70, 0x2d, 0x32, 0x22, 0x3e, 0x0a, 0x20, 0x20, 0x20, 0x20, 0x20, 0x20, 0x20, 0x20
.byte 0x20, 0x20, 0x20, 0x20, 0x20, 0x20, 0x20, 0x20, 0x20, 0x20, 0x20, 0x20, 0x20, 0x20, 0x20, 0x20
.byte 0x45, 0x53, 0x50, 0x33, 0x32, 0x20, 0x47, 0x6c, 0x61, 0x73, 0x73, 0x20, 0x43, 0x6f, 0x6e, 0x74
.byte 0x72, 0x6f, 0x6c, 0x20, 0x43, 0x65, 0x6e, 0x74, 0x65, 0x72, 0x0a, 0x20, 0x20, 0x20, 0x20, 0x20
.byte 0x20, 0x20, 0x20, 0x20, 0x20, 0x20, 0x20, 0x20, 0x20, 0x20, 0x20, 0x20, 0x20, 0x20, 0x20, 0x3c
.byte 0x2f, 0x68, 0x31, 0x3e, 0x0a, 0x20, 0x20, 0x20, 0x20, 0x20, 0x20, 0x20, 0x20, 0x20, 0x20, 0x20
.byte 0x20, 0x20, 0x20, 0x20, 0x20, 0x20, 0x20, 0x20, 0x20, 0x3c, 0x70, 0x20, 0x63, 0x6c, 0x61, 0x73
.byte 0x73, 0x3d, 0x22, 0x74, 0x65, 0x78, 0x74, 0x2d, 0x78, 0x73, 0x20, 0x74, 0x65, 0x78, 0x74, 0x2d
.byte 0x73, 0x6c, 0x61, 0x74, 0x65, 0x2d, 0x34, 0x30, 0x30, 0x20, 0x66, 0x6f, 0x6e, 0x74, 0x2d, 0x6d
.byte 0x65, 0x64, 0x69, 0x75, 0x6d, 0x22, 0x3e, 0x53, 0x6d, 0x61, 0x72, 0x74, 0x20, 0x50, 0x6c, 0x61
.byte 0x6e, 0x74, 0x20, 0x26, 0x20, 0x45, 0x6e, 0x76, 0x69, 0x72, 0x6f, 0x6e, 0x6d, 0x65, 0x6e, 0x74
.byte 0x20, 0x4d, 0x6f, 0x6e, 0x69, 0x74, 0x6f, 0x72, 0x20, 0x28, 0x45, 0x53, 0x50, 0x2d, 0x49, 0x44
.byte 0x46, 0x20, 0x41, 0x50, 0x49, 0x29, 0x3c, 0x2f, 0x70, 0x3e, 0x0a, 0x20, 0x20, 0x20, 0x20, 0x20
.byte 0x20, 0x20, 0x20, 0x20, 0x20, 0x20, 0x20, 0x20, 0x20, 0x20, 0x20, 0x3c, 0x2f, 0x64, 0x69, 0x76
.byte 0x3e, 0x0a, 0x20, 0x20, 0x20, 0x20, 0x20, 0x20, 0x20, 0x20, 0x20, 0x20, 0x20, 0x20, 0x3c, 0x2f
.byte 0x64, 0x69, 0x76, 0x3e, 0x0a, 0x0a, 0x20, 0x20, 0x20, 0x20, 0x20, 0x20, 0x20, 0x20, 0x20, 0x20
.byte 0x20, 0x20, 0x3c, 0x21, 0x2d, 0x2d, 0x20, 0x53, 0x74, 0x61, 0x74, 0x75, 0x73, 0x20, 0x49, 0x6e
.byte 0x64, 0x69, 0x63, 0x61, 0x74, 0x6f, 0x72, 0x20, 0x42, 0x61, 0x64, 0x67, 0x65, 0x73, 0x20, 0x2d
.byte 0x2d, 0x3e, 0x0a, 0x20, 0x20, 0x20, 0x20, 0x20, 0x20, 0x20, 0x20, 0x20, 0x20, 0x20, 0x20, 0x3c
.byte 0x64, 0x69, 0x76, 0x20, 0x63, 0x6c, 0x61, 0x73, 0x73, 0x3d, 0x22, 0x66, 0x6c, 0x65, 0x78, 0x20
.byte 0x69, 0x74, 0x65, 0x6d, 0x73, 0x2d, 0x63, 0x65, 0x6e, 0x74, 0x65, 0x72, 0x20, 0x67, 0x61, 0x70
.byte 0x2d, 0x33, 0x20, 0x66, 0x6c, 0x65, 0x78, 0x2d, 0x77, 0x72, 0x61, 0x70, 0x22, 0x3e, 0x0a, 0x20
.byte 0x20, 0x20, 0x20, 0x20, 0x20, 0x20, 0x20, 0x20, 0x20, 0x20, 0x20, 0x20, 0x20, 0x20, 0x20, 0x3c
.byte 0x21, 0x2d, 0x2d, 0x20, 0x53, 0x69, 0x6d, 0x75, 0x6c, 0x61, 0x74, 0x69, 0x6f, 0x6e, 0x20, 0x2f
.byte 0x20, 0x52, 0x65, 0x61, 0x6c, 0x20, 0x4d, 0x6f, 0x64, 0x65, 0x20, 0x54, 0x6f, 0x67, 0x67, 0x6c
.byte 0x65, 0x20, 0x2d, 0x2d, 0x3e, 0x0a, 0x20, 0x20, 0x20, 0x20, 0x20, 0x20, 0x20, 0x20, 0x20, 0x20
.byte 0x20, 0x20, 0x20, 0x20, 0x20, 0x20, 0x3c, 0x62, 0x75, 0x74, 0x74, 0x6f, 0x6e, 0x20, 0x69, 0x64
.byte 0x3d, 0x22, 0x73, 0x69, 0x6d, 0x54, 0x6f, 0x67, 0x67, 0x6c, 0x65, 0x42, 0x74, 0x6e, 0x22, 0x20
.byte 0x6f, 0x6e, 0x63, 0x6c, 0x69, 0x63, 0x6b, 0x3d, 0x22, 0x74, 0x6f, 0x67, 0x67, 0x6c, 0x65, 0x53
.byte 0x69, 0x6d, 0x4d, 0x6f, 0x64, 0x65, 0x28, 0x29, 0x22, 0x20, 0x63, 0x6c, 0x61, 0x73, 0x73, 0x3d
.byte 0x22, 0x67, 0x6c, 0x61, 0x73, 0x73, 0x2d, 0x70, 0x69, 0x6c, 0x6c, 0x20, 0x70, 0x78, 0x2d, 0x33
.byte 0x20, 0x70, 0x79, 0x2d, 0x31, 0x2e, 0x35, 0x20, 0x72, 0x6f, 0x75, 0x6e, 0x64, 0x65, 0x64, 0x2d
.byte 0x78, 0x6c, 0x20, 0x74, 0x65, 0x78, 0x74, 0x2d, 0x78, 0x73, 0x20, 0x66, 0x6f, 0x6e, 0x74, 0x2d
.byte 0x73, 0x65, 0x6d, 0x69, 0x62, 0x6f, 0x6c, 0x64, 0x20, 0x74, 0x65, 0x78, 0x74, 0x2d, 0x61, 0x6d
.byte 0x62, 0x65, 0x72, 0x2d, 0x34, 0x30, 0x30, 0x20, 0x62, 0x6f, 0x72, 0x64, 0x65, 0x72, 0x2d, 0x61
.byte 0x6d, 0x62, 0x65, 0x72, 0x2d, 0x35, 0x30, 0x30, 0x2f, 0x33, 0x30, 0x20, 0x68, 0x6f, 0x76, 0x65
.byte 0x72, 0x3a, 0x62, 0x67, 0x2d, 0x61, 0x6d, 0x62, 0x65, 0x72, 0x2d, 0x35, 0x30, 0x30, 0x2f, 0x31
.byte 0x30, 0x20, 0x74, 0x72, 0x61, 0x6e, 0x73, 0x69, 0x74, 0x69, 0x6f, 0x6e, 0x20, 0x66, 0x6c, 0x65
.byte 0x78, 0x20, 0x69, 0x74, 0x65, 0x6d, 0x73, 0x2d, 0x63, 0x65, 0x6e, 0x74, 0x65, 0x72, 0x20, 0x67
.byte 0x61, 0x70, 0x2d, 0x32, 0x22, 0x3e, 0x0a, 0x20, 0x20, 0x20, 0x20, 0x20, 0x20, 0x20, 0x20, 0x20
.byte 0x20, 0x20, 0x20, 0x20, 0x20, 0x20, 0x20, 0x20, 0x20, 0x20, 0x20, 0x3c, 0x69, 0x20, 0x63, 0x6c
.byte 0x61, 0x73, 0x73, 0x3d, 0x22, 0x66, 0x61, 0x2d, 0x73, 0x6f, 0x6c, 0x69, 0x64, 0x20, 0x66, 0x61
.byte 0x2d, 0x76, 0x69, 0x61, 0x6c, 0x22, 0x3e, 0x3c, 0x2f, 0x69, 0x3e, 0x0a, 0x20, 0x20, 0x20, 0x20
.byte 0x20, 0x20, 0x20, 0x20, 0x20, 0x20, 0x20, 0x20, 0x20, 0x20, 0x20, 0x20, 0x20, 0x20, 0x20, 0x20
.byte 0x3c, 0x73, 0x70, 0x61, 0x6e, 0x20, 0x69, 0x64, 0x3d, 0x22, 0x73, 0x69, 0x6d, 0x53, 0x74, 0x61
.byte 0x74, 0x75, 0x73, 0x54, 0x65, 0x78, 0x74, 0x22, 0x3e, 0x4d, 0x6f, 0x63, 0x6b, 0x20, 0x44, 0x61
.byte 0x74, 0x61, 0x3a, 0x20, 0x4f, 0x4e, 0x3c, 0x2f, 0x73, 0x70, 0x61, 0x6e, 0x3e, 0x0a, 0x20, 0x20
.byte 0x20, 0x20, 0x20, 0x20, 0x20, 0x20, 0x20, 0x20, 0x20, 0x20, 0x20, 0x20, 0x20, 0x20, 0x3c, 0x2f
.byte 0x62, 0x75, 0x74, 0x74, 0x6f, 0x6e, 0x3e, 0x0a, 0x0a, 0x20, 0x20, 0x20, 0x20, 0x20, 0x20, 0x20
.byte 0x20, 0x20, 0x20, 0x20, 0x20, 0x20, 0x20, 0x20, 0x20, 0x3c, 0x21, 0x2d, 0x2d, 0x20, 0x43, 0x6f
.byte 0x6e, 0x6e, 0x65, 0x63, 0x74, 0x69, 0x6f, 0x6e, 0x20, 0x42, 0x61, 0x64, 0x67, 0x65, 0x20, 0x2d
.byte 0x2d, 0x3e, 0x0a, 0x20, 0x20, 0x20, 0x20, 0x20, 0x20, 0x20, 0x20, 0x20, 0x20, 0x20, 0x20, 0x20
.byte 0x20, 0x20, 0x20, 0x3c, 0x64, 0x69, 0x76, 0x20, 0x63, 0x6c, 0x61, 0x73, 0x73, 0x3d, 0x22, 0x67
.byte 0x6c, 0x61, 0x73, 0x73, 0x2d, 0x70, 0x69, 0x6c, 0x6c, 0x20, 0x70, 0x78, 0x2d, 0x33, 0x20, 0x70
.byte 0x79, 0x2d, 0x31, 0x2e, 0x35, 0x20, 0x72, 0x6f, 0x75, 0x6e, 0x64, 0x65, 0x64, 0x2d, 0x78, 0x6c
.byte 0x20, 0x66, 0x6c, 0x65, 0x78, 0x20, 0x69, 0x74, 0x65, 0x6d, 0x73, 0x2d, 0x63, 0x65, 0x6e, 0x74
.byte 0x65, 0x72, 0x20, 0x67, 0x61, 0x70, 0x2d, 0x32, 0x20, 0x74, 0x65, 0x78, 0x74, 0x2d, 0x78, 0x73
.byte 0x20, 0x66, 0x6f, 0x6e, 0x74, 0x2d, 0x73, 0x65, 0x6d, 0x69, 0x62, 0x6f, 0x6c, 0x64, 0x20, 0x74
.byte 0x65, 0x78, 0x74, 0x2d, 0x65, 0x6d, 0x65, 0x72, 0x61, 0x6c, 0x64, 0x2d, 0x34, 0x30, 0x30, 0x22
.byte 0x3e, 0x0a, 0x20, 0x20, 0x20, 0x20, 0x20, 0x20, 0x20, 0x20, 0x20, 0x20, 0x20, 0x20, 0x20, 0x20
.byte 0x20, 0x20, 0x20, 0x20, 0x20, 0x20, 0x3c, 0x73, 0x70, 0x61, 0x6e, 0x20, 0x63, 0x6c, 0x61, 0x73
.byte 0x73, 0x3d, 0x22, 0x72, 0x65, 0x6c, 0x61, 0x74, 0x69, 0x76, 0x65, 0x20, 0x66, 0x6c, 0x65, 0x78
.byte 0x20, 0x68, 0x2d, 0x32, 0x2e, 0x35, 0x20, 0x77, 0x2d, 0x32, 0x2e, 0x35, 0x22, 0x3e, 0x0a, 0x20
.byte 0x20, 0x20, 0x20, 0x20, 0x20, 0x20, 0x20, 0x20, 0x20, 0x20, 0x20, 0x20, 0x20, 0x20, 0x20, 0x20
.byte 0x20, 0x20, 0x20, 0x20, 0x20, 0x20, 0x20, 0x3c, 0x73, 0x70, 0x61, 0x6e, 0x20, 0x69, 0x64, 0x3d
.byte 0x22, 0x70, 0x69, 0x6e, 0x67, 0x50, 0x75, 0x6c, 0x73, 0x65, 0x22, 0x20, 0x63, 0x6c, 0x61, 0x73
.byte 0x73, 0x3d, 0x22, 0x61, 0x6e, 0x69, 0x6d, 0x61, 0x74, 0x65, 0x2d, 0x70, 0x69, 0x6e, 0x67, 0x20
.byte 0x61, 0x62, 0x73, 0x6f, 0x6c, 0x75, 0x74, 0x65, 0x20, 0x69, 0x6e, 0x6c, 0x69, 0x6e, 0x65, 0x2d
.byte 0x66, 0x6c, 0x65, 0x78, 0x20, 0x68, 0x2d, 0x66, 0x75, 0x6c, 0x6c, 0x20, 0x77, 0x2d, 0x66, 0x75
.byte 0x6c, 0x6c, 0x20, 0x72, 0x6f, 0x75, 0x6e, 0x64, 0x65, 0x64, 0x2d, 0x66, 0x75, 0x6c, 0x6c, 0x20
.byte 0x62, 0x67, 0x2d, 0x65, 0x6d, 0x65, 0x72, 0x61, 0x6c, 0x64, 0x2d, 0x34, 0x30, 0x30, 0x20, 0x6f
.byte 0x70, 0x61, 0x63, 0x69, 0x74, 0x79, 0x2d, 0x37, 0x35, 0x22, 0x3e, 0x3c, 0x2f, 0x73, 0x70, 0x61
.byte 0x6e, 0x3e, 0x0a, 0x20, 0x20, 0x20, 0x20, 0x20, 0x20, 0x20, 0x20, 0x20, 0x20, 0x20, 0x20, 0x20
.byte 0x20, 0x20, 0x20, 0x20, 0x20, 0x20, 0x20, 0x20, 0x20, 0x20, 0x20, 0x3c, 0x73, 0x70, 0x61, 0x6e
.byte 0x20, 0x69, 0x64, 0x3d, 0x22, 0x70, 0x69, 0x6e, 0x67, 0x44, 0x6f, 0x74, 0x22, 0x20, 0x63, 0x6c
.byte 0x61, 0x73, 0x73, 0x3d, 0x22, 0x72, 0x65, 0x6c, 0x61, 0x74, 0x69, 0x76, 0x65, 0x20, 0x69, 0x6e
.byte 0x6c, 0x69, 0x6e, 0x65, 0x2d, 0x66, 0x6c, 0x65, 0x78, 0x20, 0x72, 0x6f, 0x75, 0x6e, 0x64, 0x65
.byte 0x64, 0x2d, 0x66, 0x75, 0x6c, 0x6c, 0x20, 0x68, 0x2d, 0x32, 0x2e, 0x35, 0x20, 0x77, 0x2d, 0x32
.byte 0x2e, 0x35, 0x20, 0x62, 0x67, 0x2d, 0x65, 0x6d, 0x65, 0x72, 0x61, 0x6c, 0x64, 0x2d, 0x35, 0x30
.byte 0x30, 0x22, 0x3e, 0x3c, 0x2f, 0x73, 0x70, 0x61, 0x6e, 0x3e, 0x0a, 0x20, 0x20, 0x20, 0x20, 0x20
.byte 0x20, 0x20, 0x20, 0x20, 0x20, 0x20, 0x20, 0x20, 0x20, 0x20, 0x20, 0x20, 0x20, 0x20, 0x20, 0x3c
.byte 0x2f, 0x73, 0x70, 0x61, 0x6e, 0x3e, 0x0a, 0x20, 0x20, 0x20, 0x20, 0x20, 0x20, 0x20, 0x20, 0x20
.byte 0x20, 0x20, 0x20, 0x20, 0x20, 0x20, 0x20, 0x20, 0x20, 0x20, 0x20, 0x3c, 0x73, 0x70, 0x61, 0x6e
.byte 0x20, 0x69, 0x64, 0x3d, 0x22, 0x63, 0x6f, 0x6e, 0x6e, 0x54, 0x65, 0x78, 0x74, 0x22, 0x3e, 0x43
.byte 0x6f, 0x6e, 0x6e, 0x65, 0x63, 0x74, 0x65, 0x64, 0x3c, 0x2f, 0x73, 0x70, 0x61, 0x6e, 0x3e, 0x0a
.byte 0x20, 0x20, 0x20, 0x20, 0x20, 0x20, 0x20, 0x20, 0x20, 0x20, 0x20, 0x20, 0x20, 0x20, 0x20, 0x20
.byte 0x3c, 0x2f, 0x64, 0x69, 0x76, 0x3e, 0x0a, 0x0a, 0x20, 0x20, 0x20, 0x20, 0x20, 0x20, 0x20, 0x20
.byte 0x20, 0x20, 0x20, 0x20, 0x20, 0x20, 0x20, 0x20, 0x3c, 0x21, 0x2d, 0x2d, 0x20, 0x4c, 0x61, 0x73
.byte 0x74, 0x20, 0x53, 0x79, 0x6e, 0x63, 0x20, 0x54, 0x69, 0x6d, 0x65, 0x20, 0x2d, 0x2d, 0x3e, 0x0a
.byte 0x20, 0x20, 0x20, 0x20, 0x20, 0x20, 0x20, 0x20, 0x20, 0x20, 0x20, 0x20, 0x20, 0x20, 0x20, 0x20
.byte 0x3c, 0x64, 0x69, 0x76, 0x20, 0x63, 0x6c, 0x61, 0x73, 0x73, 0x3d, 0x22, 0x67, 0x6c, 0x61, 0x73
.byte 0x73, 0x2d, 0x70, 0x69, 0x6c, 0x6c, 0x20, 0x70, 0x78, 0x2d, 0x33, 0x20, 0x70, 0x79, 0x2d, 0x31
.byte 0x2e, 0x35, 0x20, 0x72, 0x6f, 0x75, 0x6e, 0x64, 0x65, 0x64, 0x2d, 0x78, 0x6c, 0x20, 0x74, 0x65
.byte 0x78, 0x74, 0x2d, 0x78, 0x73, 0x20, 0x74, 0x65, 0x78, 0x74, 0x2d, 0x73, 0x6c, 0x61, 0x74, 0x65
.byte 0x2d, 0x33, 0x30, 0x30, 0x20, 0x66, 0x6c, 0x65, 0x78, 0x20, 0x69, 0x74, 0x65, 0x6d, 0x73, 0x2d
.byte 0x63, 0x65, 0x6e, 0x74, 0x65, 0x72, 0x20, 0x67, 0x61, 0x70, 0x2d, 0x32, 0x22, 0x3e, 0x0a, 0x20
.byte 0x20, 0x20, 0x20, 0x20, 0x20, 0x20, 0x20, 0x20, 0x20, 0x20, 0x20, 0x20, 0x20, 0x20, 0x20, 0x20
.byte 0x20, 0x20, 0x20, 0x3c, 0x69, 0x20, 0x63, 0x6c, 0x61, 0x73, 0x73, 0x3d, 0x22, 0x66, 0x61, 0x2d
.byte 0x72, 0x65, 0x67, 0x75, 0x6c, 0x61, 0x72, 0x20, 0x66, 0x61, 0x2d, 0x63, 0x6c, 0x6f, 0x63, 0x6b
.byte 0x20, 0x74, 0x65, 0x78, 0x74, 0x2d, 0x73, 0x6c, 0x61, 0x74, 0x65, 0x2d, 0x34, 0x30, 0x30, 0x22
.byte 0x3e, 0x3c, 0x2f, 0x69, 0x3e, 0x0a, 0x20, 0x20, 0x20, 0x20, 0x20, 0x20, 0x20, 0x20, 0x20, 0x20
.byte 0x20, 0x20, 0x20, 0x20, 0x20, 0x20, 0x20, 0x20, 0x20, 0x20, 0x3c, 0x73, 0x70, 0x61, 0x6e, 0x20
.byte 0x69, 0x64, 0x3d, 0x22, 0x6c, 0x61, 0x73, 0x74, 0x53, 0x79, 0x6e, 0x63, 0x22, 0x3e, 0x53, 0x79
.byte 0x6e, 0x63, 0x69, 0x6e, 0x67, 0x2e, 0x2e, 0x2e, 0x3c, 0x2f, 0x73, 0x70, 0x61, 0x6e, 0x3e, 0x0a
.byte 0x20, 0x20, 0x20, 0x20, 0x20, 0x20, 0x20, 0x20, 0x20, 0x20, 0x20, 0x20, 0x20, 0x20, 0x20, 0x20
.byte 0x3c, 0x2f, 0x64, 0x69, 0x76, 0x3e, 0x0a, 0x20, 0x20, 0x20, 0x20, 0x20, 0x20, 0x20, 0x20, 0x20
.byte 0x20, 0x20, 0x20, 0x3c, 0x2f, 0x64, 0x69, 0x76, 0x3e, 0x0a, 0x20, 0x20, 0x20, 0x20, 0x20, 0x20
.byte 0x20, 0x20, 0x3c, 0x2f, 0x68, 0x65, 0x61, 0x64, 0x65, 0x72, 0x3e, 0x0a, 0x0a, 0x20, 0x20, 0x20
.byte 0x20, 0x20, 0x20, 0x20, 0x20, 0x3c, 0x21, 0x2d, 0x2d, 0x20, 0x4d, 0x61, 0x69, 0x6e, 0x20, 0x47
.byte 0x72, 0x69, 0x64, 0x20, 0x4c, 0x61, 0x79, 0x6f, 0x75, 0x74, 0x20, 0x2d, 0x2d, 0x3e, 0x0a, 0x20
.byte 0x20, 0x20, 0x20, 0x20, 0x20, 0x20, 0x20, 0x3c, 0x6d, 0x61, 0x69, 0x6e, 0x20, 0x63, 0x6c, 0x61
.byte 0x73, 0x73, 0x3d, 0x22, 0x67, 0x72, 0x69, 0x64, 0x20, 0x67, 0x72, 0x69, 0x64, 0x2d, 0x63, 0x6f
.byte 0x6c, 0x73, 0x2d, 0x31, 0x20, 0x6d, 0x64, 0x3a, 0x67, 0x72, 0x69, 0x64, 0x2d, 0x63, 0x6f, 0x6c
.byte 0x73, 0x2d, 0x32, 0x20, 0x6c, 0x67, 0x3a, 0x67, 0x72, 0x69, 0x64, 0x2d, 0x63, 0x6f, 0x6c, 0x73
.byte 0x2d, 0x34, 0x20, 0x67, 0x61, 0x70, 0x2d, 0x35, 0x20, 0x6d, 0x62, 0x2d, 0x36, 0x22, 0x3e, 0x0a
.byte 0x0a, 0x20, 0x20, 0x20, 0x20, 0x20, 0x20, 0x20, 0x20, 0x20, 0x20, 0x20, 0x20, 0x3c, 0x21, 0x2d
.byte 0x2d, 0x20, 0x43, 0x61, 0x72, 0x64, 0x20, 0x31, 0x3a, 0x20, 0x54, 0x65, 0x6d, 0x70, 0x65, 0x72
.byte 0x61, 0x74, 0x75, 0x72, 0x65, 0x20, 0x28, 0x44, 0x48, 0x54, 0x32, 0x32, 0x29, 0x20, 0x2d, 0x2d
.byte 0x3e, 0x0a, 0x20, 0x20, 0x20, 0x20, 0x20, 0x20, 0x20, 0x20, 0x20, 0x20, 0x20, 0x20, 0x3c, 0x64
.byte 0x69, 0x76, 0x20, 0x63, 0x6c, 0x61, 0x73, 0x73, 0x3d, 0x22, 0x67, 0x6c, 0x61, 0x73, 0x73, 0x2d
.byte 0x63, 0x61, 0x72, 0x64, 0x20, 0x67, 0x6c, 0x61, 0x73, 0x73, 0x2d, 0x63, 0x61, 0x72, 0x64, 0x2d
.byte 0x68, 0x6f, 0x76, 0x65, 0x72, 0x20, 0x72, 0x6f, 0x75, 0x6e, 0x64, 0x65, 0x64, 0x2d, 0x32, 0x78
.byte 0x6c, 0x20, 0x70, 0x2d, 0x35, 0x20, 0x66, 0x6c, 0x65, 0x78, 0x20, 0x66, 0x6c, 0x65, 0x78, 0x2d
.byte 0x63, 0x6f, 0x6c, 0x20, 0x6a, 0x75, 0x73, 0x74, 0x69, 0x66, 0x79, 0x2d, 0x62, 0x65, 0x74, 0x77
.byte 0x65, 0x65, 0x6e, 0x20, 0x72, 0x65, 0x6c, 0x61, 0x74, 0x69, 0x76, 0x65, 0x20, 0x6f, 0x76, 0x65
.byte 0x72, 0x66, 0x6c, 0x6f, 0x77, 0x2d, 0x68, 0x69, 0x64, 0x64, 0x65, 0x6e, 0x22, 0x3e, 0x0a, 0x20
.byte 0x20, 0x20, 0x20, 0x20, 0x20, 0x20, 0x20, 0x20, 0x20, 0x20, 0x20, 0x20, 0x20, 0x20, 0x20, 0x3c
.byte 0x64, 0x69, 0x76, 0x20, 0x63, 0x6c, 0x61, 0x73, 0x73, 0x3d, 0x22, 0x66, 0x6c, 0x65, 0x78, 0x20
.byte 0x6a, 0x75, 0x73, 0x74, 0x69, 0x66, 0x79, 0x2d, 0x62, 0x65, 0x74, 0x77, 0x65, 0x65, 0x6e, 0x20
.byte 0x69, 0x74, 0x65, 0x6d, 0x73, 0x2d, 0x73, 0x74, 0x61, 0x72, 0x74, 0x20, 0x6d, 0x62, 0x2d, 0x33
.byte 0x22, 0x3e, 0x0a, 0x20, 0x20, 0x20, 0x20, 0x20, 0x20, 0x20, 0x20, 0x20, 0x20, 0x20, 0x20, 0x20
.byte 0x20, 0x20, 0x20, 0x20, 0x20, 0x20, 0x20, 0x3c, 0x64, 0x69, 0x76, 0x3e, 0x0a, 0x20, 0x20, 0x20
.byte 0x20, 0x20, 0x20, 0x20, 0x20, 0x20, 0x20, 0x20, 0x20, 0x20, 0x20, 0x20, 0x20, 0x20, 0x20, 0x20
.byte 0x20, 0x20, 0x20, 0x20, 0x20, 0x3c, 0x73, 0x70, 0x61, 0x6e, 0x20, 0x63, 0x6c, 0x61, 0x73, 0x73
.byte 0x3d, 0x22, 0x74, 0x65, 0x78, 0x74, 0x2d, 0x78, 0x73, 0x20, 0x66, 0x6f, 0x6e, 0x74, 0x2d, 0x73
.byte 0x65, 0x6d, 0x69, 0x62, 0x6f, 0x6c, 0x64, 0x20, 0x75, 0x70, 0x70, 0x65, 0x72, 0x63, 0x61, 0x73
.byte 0x65, 0x20, 0x74, 0x72, 0x61, 0x63, 0x6b, 0x69, 0x6e, 0x67, 0x2d, 0x77, 0x69, 0x64, 0x65, 0x72
.byte 0x20, 0x74, 0x65, 0x78, 0x74, 0x2d, 0x73, 0x6c, 0x61, 0x74, 0x65, 0x2d, 0x34, 0x30, 0x30, 0x22
.byte 0x3e, 0x54, 0x65, 0x6d, 0x70, 0x65, 0x72, 0x61, 0x74, 0x75, 0x72, 0x65, 0x20, 0x28, 0x44, 0x48
.byte 0x54, 0x32, 0x32, 0x29, 0x3c, 0x2f, 0x73, 0x70, 0x61, 0x6e, 0x3e, 0x0a, 0x20, 0x20, 0x20, 0x20
.byte 0x20, 0x20, 0x20, 0x20, 0x20, 0x20, 0x20, 0x20, 0x20, 0x20, 0x20, 0x20, 0x20, 0x20, 0x20, 0x20
.byte 0x20, 0x20, 0x20, 0x20, 0x3c, 0x68, 0x33, 0x20, 0x63, 0x6c, 0x61, 0x73, 0x73, 0x3d, 0x22, 0x74
.byte 0x65, 0x78, 0x74, 0x2d, 0x33, 0x78, 0x6c, 0x20, 0x66, 0x6f, 0x6e, 0x74, 0x2d, 0x65, 0x78, 0x74
.byte 0x72, 0x61, 0x62, 0x6f, 0x6c, 0x64, 0x20, 0x74, 0x65, 0x78, 0x74, 0x2d, 0x77, 0x68, 0x69, 0x74
.byte 0x65, 0x20, 0x6d, 0x74, 0x2d, 0x31, 0x22, 0x20, 0x69, 0x64, 0x3d, 0x22, 0x74, 0x65, 0x6d, 0x70
.byte 0x56, 0x61, 0x6c, 0x22, 0x3e, 0x2d, 0x2d, 0x20, 0xc2, 0xb0, 0x43, 0x3c, 0x2f, 0x68, 0x33, 0x3e
.byte 0x0a, 0x20, 0x20, 0x20, 0x20, 0x20, 0x20, 0x20, 0x20, 0x20, 0x20, 0x20, 0x20, 0x20, 0x20, 0x20
.byte 0x20, 0x20, 0x20, 0x20, 0x20, 0x3c, 0x2f, 0x64, 0x69, 0x76, 0x3e, 0x0a, 0x20, 0x20, 0x20, 0x20
.byte 0x20, 0x20, 0x20, 0x20, 0x20, 0x20, 0x20, 0x20, 0x20, 0x20, 0x20, 0x20, 0x20, 0x20, 0x20, 0x20
.byte 0x3c, 0x64, 0x69, 0x76, 0x20, 0x63, 0x6c, 0x61, 0x73, 0x73, 0x3d, 0x22, 0x70, 0x2d, 0x33, 0x20
.byte 0x62, 0x67, 0x2d, 0x72, 0x65, 0x64, 0x2d, 0x35, 0x30, 0x30, 0x2f, 0x32, 0x30, 0x20, 0x74, 0x65
.byte 0x78, 0x74, 0x2d, 0x72, 0x65, 0x64, 0x2d, 0x34, 0x30, 0x30, 0x20, 0x72, 0x6f, 0x75, 0x6e, 0x64
.byte 0x65, 0x64, 0x2d, 0x78, 0x6c, 0x20, 0x62, 0x6f, 0x72, 0x64, 0x65, 0x72, 0x20, 0x62, 0x6f, 0x72
.byte 0x64, 0x65, 0x72, 0x2d, 0x72, 0x65, 0x64, 0x2d, 0x35, 0x30, 0x30, 0x2f, 0x33, 0x30, 0x22, 0x3e
.byte 0x0a, 0x20, 0x20, 0x20, 0x20, 0x20, 0x20, 0x20, 0x20, 0x20, 0x20, 0x20, 0x20, 0x20, 0x20, 0x20
.byte 0x20, 0x20, 0x20, 0x20, 0x20, 0x20, 0x20, 0x20, 0x20, 0x3c, 0x69, 0x20, 0x63, 0x6c, 0x61, 0x73
.byte 0x73, 0x3d, 0x22, 0x66, 0x61, 0x2d, 0x73, 0x6f, 0x6c, 0x69, 0x64, 0x20, 0x66, 0x61, 0x2d, 0x74
.byte 0x65, 0x6d, 0x70, 0x65, 0x72, 0x61, 0x74, 0x75, 0x72, 0x65, 0x2d, 0x68, 0x61, 0x6c, 0x66, 0x20
.byte 0x74, 0x65, 0x78, 0x74, 0x2d, 0x78, 0x6c, 0x22, 0x3e, 0x3c, 0x2f, 0x69, 0x3e, 0x0a, 0x20, 0x20
.byte 0x20, 0x20, 0x20, 0x20, 0x20, 0x20, 0x20, 0x20, 0x20, 0x20, 0x20, 0x20, 0x20, 0x20, 0x20, 0x20
.byte 0x20, 0x20, 0x3c, 0x2f, 0x64, 0x69, 0x76, 0x3e, 0x0a, 0x20, 0x20, 0x20, 0x20, 0x20, 0x20, 0x20
.byte 0x20, 0x20, 0x20, 0x20, 0x20, 0x20, 0x20, 0x20, 0x20, 0x3c, 0x2f, 0x64, 0x69, 0x76, 0x3e, 0x0a
.byte 0x20, 0x20, 0x20, 0x20, 0x20, 0x20, 0x20, 0x20, 0x20, 0x20, 0x20, 0x20, 0x20, 0x20, 0x20, 0x20
.byte 0x3c, 0x21, 0x2d, 0x2d, 0x20, 0x50, 0x72, 0x6f, 0x67, 0x72, 0x65, 0x73, 0x73, 0x20, 0x42, 0x61
.byte 0x72, 0x20, 0x2d, 0x2d, 0x3e, 0x0a, 0x20, 0x20, 0x20, 0x20, 0x20, 0x20, 0x20, 0x20, 0x20, 0x20
.byte 0x20, 0x20, 0x20, 0x20, 0x20, 0x20, 0x3c, 0x64, 0x69, 0x76, 0x3e, 0x0a, 0x20, 0x20, 0x20, 0x20
.byte 0x20, 0x20, 0x20, 0x20, 0x20, 0x20, 0x20, 0x20, 0x20, 0x20, 0x20, 0x20, 0x20, 0x20, 0x20, 0x20
.byte 0x3c, 0x64, 0x69, 0x76, 0x20, 0x63, 0x6c, 0x61, 0x73, 0x73, 0x3d, 0x22, 0x66, 0x6c, 0x65, 0x78
.byte 0x20, 0x6a, 0x75, 0x73, 0x74, 0x69, 0x66, 0x79, 0x2d, 0x62, 0x65, 0x74, 0x77, 0x65, 0x65, 0x6e
.byte 0x20, 0x74, 0x65, 0x78, 0x74, 0x2d, 0x78, 0x73, 0x20, 0x74, 0x65, 0x78, 0x74, 0x2d, 0x73, 0x6c
.byte 0x61, 0x74, 0x65, 0x2d, 0x34, 0x30, 0x30, 0x20, 0x6d, 0x62, 0x2d, 0x31, 0x22, 0x3e, 0x0a, 0x20
.byte 0x20, 0x20, 0x20, 0x20, 0x20, 0x20, 0x20, 0x20, 0x20, 0x20, 0x20, 0x20, 0x20, 0x20, 0x20, 0x20
.byte 0x20, 0x20, 0x20, 0x20, 0x20, 0x20, 0x20, 0x3c, 0x73, 0x70, 0x61, 0x6e, 0x3e, 0x4d, 0x69, 0x6e
.byte 0x3a, 0x20, 0x30, 0xc2, 0xb0, 0x43, 0x3c, 0x2f, 0x73, 0x70, 0x61, 0x6e, 0x3e, 0x0a, 0x20, 0x20
.byte 0x20, 0x20, 0x20, 0x20, 0x20, 0x20, 0x20, 0x20, 0x20, 0x20, 0x20, 0x20, 0x20, 0x20, 0x20, 0x20
.byte 0x20, 0x20, 0x20, 0x20, 0x20, 0x20, 0x3c, 0x73, 0x70, 0x61, 0x6e, 0x20, 0x69, 0x64, 0x3d, 0x22
.byte 0x74, 0x65, 0x6d, 0x70, 0x53, 0x74, 0x61, 0x74, 0x75, 0x73, 0x22, 0x3e, 0x4f, 0x70, 0x74, 0x69
.byte 0x6d, 0x61, 0x6c, 0x3c, 0x2f, 0x73, 0x70, 0x61, 0x6e, 0x3e, 0x0a, 0x20, 0x20, 0x20, 0x20, 0x20
.byte 0x20, 0x20, 0x20, 0x20, 0x20, 0x20, 0x20, 0x20, 0x20, 0x20, 0x20, 0x20, 0x20, 0x20, 0x20, 0x20
.byte 0x20, 0x20, 0x20, 0x3c, 0x73, 0x70, 0x61, 0x6e, 0x3e, 0x4d, 0x61, 0x78, 0x3a, 0x20, 0x35, 0x30
.byte 0xc2, 0xb0, 0x43, 0x3c, 0x2f, 0x73, 0x70, 0x61, 0x6e, 0x3e, 0x0a, 0x20, 0x20, 0x20, 0x20, 0x20
.byte 0x20, 0x20, 0x20, 0x20, 0x20, 0x20, 0x20, 0x20, 0x20, 0x20, 0x20, 0x20, 0x20, 0x20, 0x20, 0x3c
.byte 0x2f, 0x64, 0x69, 0x76, 0x3e, 0x0a, 0x20, 0x20, 0x20, 0x20, 0x20, 0x20, 0x20, 0x20, 0x20, 0x20
.byte 0x20, 0x20, 0x20, 0x20, 0x20, 0x20, 0x20, 0x20, 0x20, 0x20, 0x3c, 0x64, 0x69, 0x76, 0x20, 0x63
.byte 0x6c, 0x61, 0x73, 0x73, 0x3d, 0x22, 0x77, 0x2d, 0x66, 0x75, 0x6c, 0x6c, 0x20, 0x62, 0x67, 0x2d
.byte 0x73, 0x6c, 0x61, 0x74, 0x65, 0x2d, 0x38, 0x30, 0x30, 0x2f, 0x38, 0x30, 0x20, 0x72, 0x6f, 0x75
.byte 0x6e, 0x64, 0x65, 0x64, 0x2d, 0x66, 0x75, 0x6c, 0x6c, 0x20, 0x68, 0x2d, 0x32, 0x20, 0x6f, 0x76
.byte 0x65, 0x72, 0x66, 0x6c, 0x6f, 0x77, 0x2d, 0x68, 0x69, 0x64, 0x64, 0x65, 0x6e, 0x20, 0x62, 0x6f
.byte 0x72, 0x64, 0x65, 0x72, 0x20, 0x62, 0x6f, 0x72, 0x64, 0x65, 0x72, 0x2d, 0x77, 0x68, 0x69, 0x74
.byte 0x65, 0x2f, 0x35, 0x22, 0x3e, 0x0a, 0x20, 0x20, 0x20, 0x20, 0x20, 0x20, 0x20, 0x20, 0x20, 0x20
.byte 0x20, 0x20, 0x20, 0x20, 0x20, 0x20, 0x20, 0x20, 0x20, 0x20, 0x20, 0x20, 0x20, 0x20, 0x3c, 0x64
.byte 0x69, 0x76, 0x20, 0x69, 0x64, 0x3d, 0x22, 0x74, 0x65, 0x6d, 0x70, 0x42, 0x61, 0x72, 0x22, 0x20
.byte 0x63, 0x6c, 0x61, 0x73, 0x73, 0x3d, 0x22, 0x62, 0x67, 0x2d, 0x67, 0x72, 0x61, 0x64, 0x69, 0x65
.byte 0x6e, 0x74, 0x2d, 0x74, 0x6f, 0x2d, 0x72, 0x20, 0x66, 0x72, 0x6f, 0x6d, 0x2d, 0x61, 0x6d, 0x62
.byte 0x65, 0x72, 0x2d, 0x35, 0x30, 0x30, 0x20, 0x74, 0x6f, 0x2d, 0x72, 0x65, 0x64, 0x2d, 0x35, 0x30
.byte 0x30, 0x20, 0x68, 0x2d, 0x32, 0x20, 0x72, 0x6f, 0x75, 0x6e, 0x64, 0x65, 0x64, 0x2d, 0x66, 0x75
.byte 0x6c, 0x6c, 0x20, 0x74, 0x72, 0x61, 0x6e, 0x73, 0x69, 0x74, 0x69, 0x6f, 0x6e, 0x2d, 0x61, 0x6c
.byte 0x6c, 0x20, 0x64, 0x75, 0x72, 0x61, 0x74, 0x69, 0x6f, 0x6e, 0x2d, 0x35, 0x30, 0x30, 0x22, 0x20
.byte 0x73, 0x74, 0x79, 0x6c, 0x65, 0x3d, 0x22, 0x77, 0x69, 0x64, 0x74, 0x68, 0x3a, 0x20, 0x30, 0x25
.byte 0x22, 0x3e, 0x3c, 0x2f, 0x64, 0x69, 0x76, 0x3e, 0x0a, 0x20, 0x20, 0x20, 0x20, 0x20, 0x20, 0x20
.byte 0x20, 0x20, 0x20, 0x20, 0x20, 0x20, 0x20, 0x20, 0x20, 0x20, 0x20, 0x20, 0x20, 0x3c, 0x2f, 0x64
.byte 0x69, 0x76, 0x3e, 0x0a, 0x20, 0x20, 0x20, 0x20, 0x20, 0x20, 0x20, 0x20, 0x20, 0x20, 0x20, 0x20
.byte 0x20, 0x20, 0x20, 0x20, 0x3c, 0x2f, 0x64, 0x69, 0x76, 0x3e, 0x0a, 0x20, 0x20, 0x20, 0x20, 0x20
.byte 0x20, 0x20, 0x20, 0x20, 0x20, 0x20, 0x20, 0x3c, 0x2f, 0x64, 0x69, 0x76, 0x3e, 0x0a, 0x0a, 0x20
.byte 0x20, 0x20, 0x20, 0x20, 0x20, 0x20, 0x20, 0x20, 0x20, 0x20, 0x20, 0x3c, 0x21, 0x2d, 0x2d, 0x20
.byte 0x43, 0x61, 0x72, 0x64, 0x20, 0x32, 0x3a, 0x20, 0x48, 0x75, 0x6d, 0x69, 0x64, 0x69, 0x74, 0x79
.byte 0x20, 0x28, 0x44, 0x48, 0x54, 0x32, 0x32, 0x29, 0x20, 0x2d, 0x2d, 0x3e, 0x0a, 0x20, 0x20, 0x20
.byte 0x20, 0x20, 0x20, 0x20, 0x20, 0x20, 0x20, 0x20, 0x20, 0x3c, 0x64, 0x69, 0x76, 0x20, 0x63, 0x6c
.byte 0x61, 0x73, 0x73, 0x3d, 0x22, 0x67, 0x6c, 0x61, 0x73, 0x73, 0x2d, 0x63, 0x61, 0x72, 0x64, 0x20
.byte 0x67, 0x6c, 0x61, 0x73, 0x73, 0x2d, 0x63, 0x61, 0x72, 0x64, 0x2d, 0x68, 0x6f, 0x76, 0x65, 0x72
.byte 0x20, 0x72, 0x6f, 0x75, 0x6e, 0x64, 0x65, 0x64, 0x2d, 0x32, 0x78, 0x6c, 0x20, 0x70, 0x2d, 0x35
.byte 0x20, 0x66, 0x6c, 0x65, 0x78, 0x20, 0x66, 0x6c, 0x65, 0x78, 0x2d, 0x63, 0x6f, 0x6c, 0x20, 0x6a
.byte 0x75, 0x73, 0x74, 0x69, 0x66, 0x79, 0x2d, 0x62, 0x65, 0x74, 0x77, 0x65, 0x65, 0x6e, 0x20, 0x72
.byte 0x65, 0x6c, 0x61, 0x74, 0x69, 0x76, 0x65, 0x20, 0x6f, 0x76, 0x65, 0x72, 0x66, 0x6c, 0x6f, 0x77
.byte 0x2d, 0x68, 0x69, 0x64, 0x64, 0x65, 0x6e, 0x22, 0x3e, 0x0a, 0x20, 0x20, 0x20, 0x20, 0x20, 0x20
.byte 0x20, 0x20, 0x20, 0x20, 0x20, 0x20, 0x20, 0x20, 0x20, 0x20, 0x3c, 0x64, 0x69, 0x76, 0x20, 0x63
.byte 0x6c, 0x61, 0x73, 0x73, 0x3d, 0x22, 0x66, 0x6c, 0x65, 0x78, 0x20, 0x6a, 0x75, 0x73, 0x74, 0x69
.byte 0x66, 0x79, 0x2d, 0x62, 0x65, 0x74, 0x77, 0x65, 0x65, 0x6e, 0x20, 0x69, 0x74, 0x65, 0x6d, 0x73
.byte 0x2d, 0x73, 0x74, 0x61, 0x72, 0x74, 0x20, 0x6d, 0x62, 0x2d, 0x33, 0x22, 0x3e, 0x0a, 0x20, 0x20
.byte 0x20, 0x20, 0x20, 0x20, 0x20, 0x20, 0x20, 0x20, 0x20, 0x20, 0x20, 0x20, 0x20, 0x20, 0x20, 0x20
.byte 0x20, 0x20, 0x3c, 0x64, 0x69, 0x76, 0x3e, 0x0a, 0x20, 0x20, 0x20, 0x20, 0x20, 0x20, 0x20, 0x20
.byte 0x20, 0x20, 0x20, 0x20, 0x20, 0x20, 0x20, 0x20, 0x20, 0x20, 0x20, 0x20, 0x20, 0x20, 0x20, 0x20
.byte 0x3c, 0x73, 0x70, 0x61, 0x6e, 0x20, 0x63, 0x6c, 0x61, 0x73, 0x73, 0x3d, 0x22, 0x74, 0x65, 0x78
.byte 0x74, 0x2d, 0x78, 0x73, 0x20, 0x66, 0x6f, 0x6e, 0x74, 0x2d, 0x73, 0x65, 0x6d, 0x69, 0x62, 0x6f
.byte 0x6c, 0x64, 0x20, 0x75, 0x70, 0x70, 0x65, 0x72, 0x63, 0x61, 0x73, 0x65, 0x20, 0x74, 0x72, 0x61
.byte 0x63, 0x6b, 0x69, 0x6e, 0x67, 0x2d, 0x77, 0x69, 0x64, 0x65, 0x72, 0x20, 0x74, 0x65, 0x78, 0x74
.byte 0x2d, 0x73, 0x6c, 0x61, 0x74, 0x65, 0x2d, 0x34, 0x30, 0x30, 0x22, 0x3e, 0x48, 0x75, 0x6d, 0x69
.byte 0x64, 0x69, 0x74, 0x79, 0x20, 0x28, 0x44, 0x48, 0x54, 0x32, 0x32, 0x29, 0x3c, 0x2f, 0x73, 0x70
.byte 0x61, 0x6e, 0x3e, 0x0a, 0x20, 0x20, 0x20, 0x20, 0x20, 0x20, 0x20, 0x20, 0x20, 0x20, 0x20, 0x20
.byte 0x20, 0x20, 0x20, 0x20, 0x20, 0x20, 0x20, 0x20, 0x20, 0x20, 0x20, 0x20, 0x3c, 0x68, 0x33, 0x20
.byte 0x63, 0x6c, 0x61, 0x73, 0x73, 0x3d, 0x22, 0x74, 0x65, 0x78, 0x74, 0x2d, 0x33, 0x78, 0x6c, 0x20
.byte 0x66, 0x6f, 0x6e, 0x74, 0x2d, 0x65, 0x78, 0x74, 0x72, 0x61, 0x62, 0x6f, 0x6c, 0x64, 0x20, 0x74
.byte 0x65, 0x78, 0x74, 0x2d, 0x77, 0x68, 0x69, 0x74, 0x65, 0x20, 0x6d, 0x74, 0x2d, 0x31, 0x22, 0x20
.byte 0x69, 0x64, 0x3d, 0x22, 0x68, 0x75, 0x6d, 0x69, 0x56, 0x61, 0x6c, 0x22, 0x3e, 0x2d, 0x2d, 0x20
.byte 0x25, 0x3c, 0x2f, 0x68, 0x33, 0x3e, 0x0a, 0x20, 0x20, 0x20, 0x20, 0x20, 0x20, 0x20, 0x20, 0x20
.byte 0x20, 0x20, 0x20, 0x20, 0x20, 0x20, 0x20, 0x20, 0x20, 0x20, 0x20, 0x3c, 0x2f, 0x64, 0x69, 0x76
.byte 0x3e, 0x0a, 0x20, 0x20, 0x20, 0x20, 0x20, 0x20, 0x20, 0x20, 0x20, 0x20, 0x20, 0x20, 0x20, 0x20
.byte 0x20, 0x20, 0x20, 0x20, 0x20, 0x20, 0x3c, 0x64, 0x69, 0x76, 0x20, 0x63, 0x6c, 0x61, 0x73, 0x73
.byte 0x3d, 0x22, 0x70, 0x2d, 0x33, 0x20, 0x62, 0x67, 0x2d, 0x62, 0x6c, 0x75, 0x65, 0x2d, 0x35, 0x30
.byte 0x30, 0x2f, 0x32, 0x30, 0x20, 0x74, 0x65, 0x78, 0x74, 0x2d, 0x62, 0x6c, 0x75, 0x65, 0x2d, 0x34
.byte 0x30, 0x30, 0x20, 0x72, 0x6f, 0x75, 0x6e, 0x64, 0x65, 0x64, 0x2d, 0x78, 0x6c, 0x20, 0x62, 0x6f
.byte 0x72, 0x64, 0x65, 0x72, 0x20, 0x62, 0x6f, 0x72, 0x64, 0x65, 0x72, 0x2d, 0x62, 0x6c, 0x75, 0x65
.byte 0x2d, 0x35, 0x30, 0x30, 0x2f, 0x33, 0x30, 0x22, 0x3e, 0x0a, 0x20, 0x20, 0x20, 0x20, 0x20, 0x20
.byte 0x20, 0x20, 0x20, 0x20, 0x20, 0x20, 0x20, 0x20, 0x20, 0x20, 0x20, 0x20, 0x20, 0x20, 0x20, 0x20
.byte 0x20, 0x20, 0x3c, 0x69, 0x20, 0x63, 0x6c, 0x61, 0x73, 0x73, 0x3d, 0x22, 0x66, 0x61, 0x2d, 0x73
.byte 0x6f, 0x6c, 0x69, 0x64, 0x20, 0x66, 0x61, 0x2d, 0x64, 0x72, 0x6f, 0x70, 0x6c, 0x65, 0x74, 0x20
.byte 0x74, 0x65, 0x78, 0x74, 0x2d, 0x78, 0x6c, 0x22, 0x3e, 0x3c, 0x2f, 0x69, 0x3e, 0x0a, 0x20, 0x20
.byte 0x20, 0x20, 0x20, 0x20, 0x20, 0x20, 0x20, 0x20, 0x20, 0x20, 0x20, 0x20, 0x20, 0x20, 0x20, 0x20
.byte 0x20, 0x20, 0x3c, 0x2f, 0x64, 0x69, 0x76, 0x3e, 0x0a, 0x20, 0x20, 0x20, 0x20, 0x20, 0x20, 0x20
.byte 0x20, 0x20, 0x20, 0x20, 0x20, 0x20, 0x20, 0x20, 0x20, 0x3c, 0x2f, 0x64, 0x69, 0x76, 0x3e, 0x0a
.byte 0x20, 0x20, 0x20, 0x20, 0x20, 0x20, 0x20, 0x20, 0x20, 0x20, 0x20, 0x20, 0x20, 0x20, 0x20, 0x20
.byte 0x3c, 0x21, 0x2d, 0x2d, 0x20, 0x50, 0x72, 0x6f, 0x67, 0x72, 0x65, 0x73, 0x73, 0x20, 0x42, 0x61
.byte 0x72, 0x20, 0x2d, 0x2d, 0x3e, 0x0a, 0x20, 0x20, 0x20, 0x20, 0x20, 0x20, 0x20, 0x20, 0x20, 0x20
.byte 0x20, 0x20, 0x20, 0x20, 0x20, 0x20, 0x3c, 0x64, 0x69, 0x76, 0x3e, 0x0a, 0x20, 0x20, 0x20, 0x20
.byte 0x20, 0x20, 0x20, 0x20, 0x20, 0x20, 0x20, 0x20, 0x20, 0x20, 0x20, 0x20, 0x20, 0x20, 0x20, 0x20
.byte 0x3c, 0x64, 0x69, 0x76, 0x20, 0x63, 0x6c, 0x61, 0x73, 0x73, 0x3d, 0x22, 0x66, 0x6c, 0x65, 0x78
.byte 0x20, 0x6a, 0x75, 0x73, 0x74, 0x69, 0x66, 0x79, 0x2d, 0x62, 0x65, 0x74, 0x77, 0x65, 0x65, 0x6e
.byte 0x20, 0x74, 0x65, 0x78, 0x74, 0x2d, 0x78, 0x73, 0x20, 0x74, 0x65, 0x78, 0x74, 0x2d, 0x73, 0x6c
.byte 0x61, 0x74, 0x65, 0x2d, 0x34, 0x30, 0x30, 0x20, 0x6d, 0x62, 0x2d, 0x31, 0x22, 0x3e, 0x0a, 0x20
.byte 0x20, 0x20, 0x20, 0x20, 0x20, 0x20, 0x20, 0x20, 0x20, 0x20, 0x20, 0x20, 0x20, 0x20, 0x20, 0x20
.byte 0x20, 0x20, 0x20, 0x20, 0x20, 0x20, 0x20, 0x3c, 0x73, 0x70, 0x61, 0x6e, 0x3e, 0x30, 0x25, 0x3c
.byte 0x2f, 0x73, 0x70, 0x61, 0x6e, 0x3e, 0x0a, 0x20, 0x20, 0x20, 0x20, 0x20, 0x20, 0x20, 0x20, 0x20
.byte 0x20, 0x20, 0x20, 0x20, 0x20, 0x20, 0x20, 0x20, 0x20, 0x20, 0x20, 0x20, 0x20, 0x20, 0x20, 0x3c
.byte 0x73, 0x70, 0x61, 0x6e, 0x20, 0x69, 0x64, 0x3d, 0x22, 0x68, 0x75, 0x6d, 0x69, 0x53, 0x74, 0x61
.byte 0x74, 0x75, 0x73, 0x22, 0x3e, 0x43, 0x6f, 0x6d, 0x66, 0x6f, 0x72, 0x74, 0x61, 0x62, 0x6c, 0x65
.byte 0x3c, 0x2f, 0x73, 0x70, 0x61, 0x6e, 0x3e, 0x0a, 0x20, 0x20, 0x20, 0x20, 0x20, 0x20, 0x20, 0x20
.byte 0x20, 0x20, 0x20, 0x20, 0x20, 0x20, 0x20, 0x20, 0x20, 0x20, 0x20, 0x20, 0x20, 0x20, 0x20, 0x20
.byte 0x3c, 0x73, 0x70, 0x61, 0x6e, 0x3e, 0x31, 0x30, 0x30, 0x25, 0x3c, 0x2f, 0x73, 0x70, 0x61, 0x6e
.byte 0x3e, 0x0a, 0x20, 0x20, 0x20, 0x20, 0x20, 0x20, 0x20, 0x20, 0x20, 0x20, 0x20, 0x20, 0x20, 0x20
.byte 0x20, 0x20, 0x20, 0x20, 0x20, 0x20, 0x3c, 0x2f, 0x64, 0x69, 0x76, 0x3e, 0x0a, 0x20, 0x20, 0x20
.byte 0x20, 0x20, 0x20, 0x20, 0x20, 0x20, 0x20, 0x20, 0x20, 0x20, 0x20, 0x20, 0x20, 0x20, 0x20, 0x20
.byte 0x20, 0x3c, 0x64, 0x69, 0x76, 0x20, 0x63, 0x6c, 0x61, 0x73, 0x73, 0x3d, 0x22, 0x77, 0x2d, 0x66
.byte 0x75, 0x6c, 0x6c, 0x20, 0x62, 0x67, 0x2d, 0x73, 0x6c, 0x61, 0x74, 0x65, 0x2d, 0x38, 0x30, 0x30
.byte 0x2f, 0x38, 0x30, 0x20, 0x72, 0x6f, 0x75, 0x6e, 0x64, 0x65, 0x64, 0x2d, 0x66, 0x75, 0x6c, 0x6c
.byte 0x20, 0x68, 0x2d, 0x32, 0x20, 0x6f, 0x76, 0x65, 0x72, 0x66, 0x6c, 0x6f, 0x77, 0x2d, 0x68, 0x69
.byte 0x64, 0x64, 0x65, 0x6e, 0x20, 0x62, 0x6f, 0x72, 0x64, 0x65, 0x72, 0x20, 0x62, 0x6f, 0x72, 0x64
.byte 0x65, 0x72, 0x2d, 0x77, 0x68, 0x69, 0x74, 0x65, 0x2f, 0x35, 0x22, 0x3e, 0x0a, 0x20, 0x20, 0x20
.byte 0x20, 0x20, 0x20, 0x20, 0x20, 0x20, 0x20, 0x20, 0x20, 0x20, 0x20, 0x20, 0x20, 0x20, 0x20, 0x20
.byte 0x20, 0x20, 0x20, 0x20, 0x20, 0x3c, 0x64, 0x69, 0x76, 0x20, 0x69, 0x64, 0x3d, 0x22, 0x68, 0x75
.byte 0x6d, 0x69, 0x42, 0x61, 0x72, 0x22, 0x20, 0x63, 0x6c, 0x61, 0x73, 0x73, 0x3d, 0x22, 0x62, 0x67
.byte 0x2d, 0x67, 0x72, 0x61, 0x64, 0x69, 0x65, 0x6e, 0x74, 0x2d, 0x74, 0x6f, 0x2d, 0x72, 0x20, 0x66
.byte 0x72, 0x6f, 0x6d, 0x2d, 0x73, 0x6b, 0x79, 0x2d, 0x34, 0x30, 0x30, 0x20, 0x74, 0x6f, 0x2d, 0x62
.byte 0x6c, 0x75, 0x65, 0x2d, 0x36, 0x30, 0x30, 0x20, 0x68, 0x2d, 0x32, 0x20, 0x72, 0x6f, 0x75, 0x6e
.byte 0x64, 0x65, 0x64, 0x2d, 0x66, 0x75, 0x6c, 0x6c, 0x20, 0x74, 0x72, 0x61, 0x6e, 0x73, 0x69, 0x74
.byte 0x69, 0x6f, 0x6e, 0x2d, 0x61, 0x6c, 0x6c, 0x20, 0x64, 0x75, 0x72, 0x61, 0x74, 0x69, 0x6f, 0x6e
.byte 0x2d, 0x35, 0x30, 0x30, 0x22, 0x20, 0x73, 0x74, 0x79, 0x6c, 0x65, 0x3d, 0x22, 0x77, 0x69, 0x64
.byte 0x74, 0x68, 0x3a, 0x20, 0x30, 0x25, 0x22, 0x3e, 0x3c, 0x2f, 0x64, 0x69, 0x76, 0x3e, 0x0a, 0x20
.byte 0x20, 0x20, 0x20, 0x20, 0x20, 0x20, 0x20, 0x20, 0x20, 0x20, 0x20, 0x20, 0x20, 0x20, 0x20, 0x20
.byte 0x20, 0x20, 0x20, 0x3c, 0x2f, 0x64, 0x69, 0x76, 0x3e, 0x0a, 0x20, 0x20, 0x20, 0x20, 0x20, 0x20
.byte 0x20, 0x20, 0x20, 0x20, 0x20, 0x20, 0x20, 0x20, 0x20, 0x20, 0x3c, 0x2f, 0x64, 0x69, 0x76, 0x3e
.byte 0x0a, 0x20, 0x20, 0x20, 0x20, 0x20, 0x20, 0x20, 0x20, 0x20, 0x20, 0x20, 0x20, 0x3c, 0x2f, 0x64
.byte 0x69, 0x76, 0x3e, 0x0a, 0x0a, 0x20, 0x20, 0x20, 0x20, 0x20, 0x20, 0x20, 0x20, 0x20, 0x20, 0x20
.byte 0x20, 0x3c, 0x21, 0x2d, 0x2d, 0x20, 0x43, 0x61, 0x72, 0x64, 0x20, 0x33, 0x3a, 0x20, 0x4c, 0x69
.byte 0x67, 0x68, 0x74, 0x20, 0x49, 0x6e, 0x74, 0x65, 0x6e, 0x73, 0x69, 0x74, 0x79, 0x20, 0x2d, 0x2d
.byte 0x3e, 0x0a, 0x20, 0x20, 0x20, 0x20, 0x20, 0x20, 0x20, 0x20, 0x20, 0x20, 0x20, 0x20, 0x3c, 0x64
.byte 0x69, 0x76, 0x20, 0x63, 0x6c, 0x61, 0x73, 0x73, 0x3d, 0x22, 0x67, 0x6c, 0x61, 0x73, 0x73, 0x2d
.byte 0x63, 0x61, 0x72, 0x64, 0x20, 0x67, 0x6c, 0x61, 0x73, 0x73, 0x2d, 0x63, 0x61, 0x72, 0x64, 0x2d
.byte 0x68, 0x6f, 0x76, 0x65, 0x72, 0x20, 0x72, 0x6f, 0x75, 0x6e, 0x64, 0x65, 0x64, 0x2d, 0x32, 0x78
.byte 0x6c, 0x20, 0x70, 0x2d, 0x35, 0x20, 0x66, 0x6c, 0x65, 0x78, 0x20, 0x66, 0x6c, 0x65, 0x78, 0x2d
.byte 0x63, 0x6f, 0x6c, 0x20, 0x6a, 0x75, 0x73, 0x74, 0x69, 0x66, 0x79, 0x2d, 0x62, 0x65, 0x74, 0x77
.byte 0x65, 0x65, 0x6e, 0x20, 0x72, 0x65, 0x6c, 0x61, 0x74, 0x69, 0x76, 0x65, 0x20, 0x6f, 0x76, 0x65
.byte 0x72, 0x66, 0x6c, 0x6f, 0x77, 0x2d, 0x68, 0x69, 0x64, 0x64, 0x65, 0x6e, 0x22, 0x3e, 0x0a, 0x20
.byte 0x20, 0x20, 0x20, 0x20, 0x20, 0x20, 0x20, 0x20, 0x20, 0x20, 0x20, 0x20, 0x20, 0x20, 0x20, 0x3c
.byte 0x64, 0x69, 0x76, 0x20, 0x63, 0x6c, 0x61, 0x73, 0x73, 0x3d, 0x22, 0x66, 0x6c, 0x65, 0x78, 0x20
.byte 0x6a, 0x75, 0x73, 0x74, 0x69, 0x66, 0x79, 0x2d, 0x62, 0x65, 0x74, 0x77, 0x65, 0x65, 0x6e, 0x20
.byte 0x69, 0x74, 0x65, 0x6d, 0x73, 0x2d, 0x73, 0x74, 0x61, 0x72, 0x74, 0x20, 0x6d, 0x62, 0x2d, 0x33
.byte 0x22, 0x3e, 0x0a, 0x20, 0x20, 0x20, 0x20, 0x20, 0x20, 0x20, 0x20, 0x20, 0x20, 0x20, 0x20, 0x20
.byte 0x20, 0x20, 0x20, 0x20, 0x20, 0x20, 0x20, 0x3c, 0x64, 0x69, 0x76, 0x3e, 0x0a, 0x20, 0x20, 0x20
.byte 0x20, 0x20, 0x20, 0x20, 0x20, 0x20, 0x20, 0x20, 0x20, 0x20, 0x20, 0x20, 0x20, 0x20, 0x20, 0x20
.byte 0x20, 0x20, 0x20, 0x20, 0x20, 0x3c, 0x73, 0x70, 0x61, 0x6e, 0x20, 0x63, 0x6c, 0x61, 0x73, 0x73
.byte 0x3d, 0x22, 0x74, 0x65, 0x78, 0x74, 0x2d, 0x78, 0x73, 0x20, 0x66, 0x6f, 0x6e, 0x74, 0x2d, 0x73
.byte 0x65, 0x6d, 0x69, 0x62, 0x6f, 0x6c, 0x64, 0x20, 0x75, 0x70, 0x70, 0x65, 0x72, 0x63, 0x61, 0x73
.byte 0x65, 0x20, 0x74, 0x72, 0x61, 0x63, 0x6b, 0x69, 0x6e, 0x67, 0x2d, 0x77, 0x69, 0x64, 0x65, 0x72
.byte 0x20, 0x74, 0x65, 0x78, 0x74, 0x2d, 0x73, 0x6c, 0x61, 0x74, 0x65, 0x2d, 0x34, 0x30, 0x30, 0x22
.byte 0x3e, 0x41, 0x6d, 0x62, 0x69, 0x65, 0x6e, 0x74, 0x20, 0x4c, 0x69, 0x67, 0x68, 0x74, 0x3c, 0x2f
.byte 0x73, 0x70, 0x61, 0x6e, 0x3e, 0x0a, 0x20, 0x20, 0x20, 0x20, 0x20, 0x20, 0x20, 0x20, 0x20, 0x20
.byte 0x20, 0x20, 0x20, 0x20, 0x20, 0x20, 0x20, 0x20, 0x20, 0x20, 0x20, 0x20, 0x20, 0x20, 0x3c, 0x68
.byte 0x33, 0x20, 0x63, 0x6c, 0x61, 0x73, 0x73, 0x3d, 0x22, 0x74, 0x65, 0x78, 0x74, 0x2d, 0x33, 0x78
.byte 0x6c, 0x20, 0x66, 0x6f, 0x6e, 0x74, 0x2d, 0x65, 0x78, 0x74, 0x72, 0x61, 0x62, 0x6f, 0x6c, 0x64
.byte 0x20, 0x74, 0x65, 0x78, 0x74, 0x2d, 0x77, 0x68, 0x69, 0x74, 0x65, 0x20, 0x6d, 0x74, 0x2d, 0x31
.byte 0x22, 0x20, 0x69, 0x64, 0x3d, 0x22, 0x6c, 0x69, 0x67, 0x68, 0x74, 0x56, 0x61, 0x6c, 0x22, 0x3e
.byte 0x2d, 0x2d, 0x20, 0x4c, 0x75, 0x78, 0x3c, 0x2f, 0x68, 0x33, 0x3e, 0x0a, 0x20, 0x20, 0x20, 0x20
.byte 0x20, 0x20, 0x20, 0x20, 0x20, 0x20, 0x20, 0x20, 0x20, 0x20, 0x20, 0x20, 0x20, 0x20, 0x20, 0x20
.byte 0x3c, 0x2f, 0x64, 0x69, 0x76, 0x3e, 0x0a, 0x20, 0x20, 0x20, 0x20, 0x20, 0x20, 0x20, 0x20, 0x20
.byte 0x20, 0x20, 0x20, 0x20, 0x20, 0x20, 0x20, 0x20, 0x20, 0x20, 0x20, 0x3c, 0x64, 0x69, 0x76, 0x20
.byte 0x63, 0x6c, 0x61, 0x73, 0x73, 0x3d, 0x22, 0x70, 0x2d, 0x33, 0x20, 0x62, 0x67, 0x2d, 0x61, 0x6d
.byte 0x62, 0x65, 0x72, 0x2d, 0x35, 0x30, 0x30, 0x2f, 0x32, 0x30, 0x20, 0x74, 0x65, 0x78, 0x74, 0x2d
.byte 0x61, 0x6d, 0x62, 0x65, 0x72, 0x2d, 0x34, 0x30, 0x30, 0x20, 0x72, 0x6f, 0x75, 0x6e, 0x64, 0x65
.byte 0x64, 0x2d, 0x78, 0x6c, 0x20, 0x62, 0x6f, 0x72, 0x64, 0x65, 0x72, 0x20, 0x62, 0x6f, 0x72, 0x64
.byte 0x65, 0x72, 0x2d, 0x61, 0x6d, 0x62, 0x65, 0x72, 0x2d, 0x35, 0x30, 0x30, 0x2f, 0x33, 0x30, 0x22
.byte 0x3e, 0x0a, 0x20, 0x20, 0x20, 0x20, 0x20, 0x20, 0x20, 0x20, 0x20, 0x20, 0x20, 0x20, 0x20, 0x20
.byte 0x20, 0x20, 0x20, 0x20, 0x20, 0x20, 0x20, 0x20, 0x20, 0x20, 0x3c, 0x69, 0x20, 0x63, 0x6c, 0x61
.byte 0x73, 0x73, 0x3d, 0x22, 0x66, 0x61, 0x2d, 0x73, 0x6f, 0x6c, 0x69, 0x64, 0x20, 0x66, 0x61, 0x2d
.byte 0x73, 0x75, 0x6e, 0x20, 0x74, 0x65, 0x78, 0x74, 0x2d, 0x78, 0x6c, 0x22, 0x3e, 0x3c, 0x2f, 0x69
.byte 0x3e, 0x0a, 0x20, 0x20, 0x20, 0x20, 0x20, 0x20, 0x20, 0x20, 0x20, 0x20, 0x20, 0x20, 0x20, 0x20
.byte 0x20, 0x20, 0x20, 0x20, 0x20, 0x20, 0x3c, 0x2f, 0x64, 0x69, 0x76, 0x3e, 0x0a, 0x20, 0x20, 0x20
.byte 0x20, 0x20, 0x20, 0x20, 0x20, 0x20, 0x20, 0x20, 0x20, 0x20, 0x20, 0x20, 0x20, 0x3c, 0x2f, 0x64
.byte 0x69, 0x76, 0x3e, 0x0a, 0x20, 0x20, 0x20, 0x20, 0x20, 0x20, 0x20, 0x20, 0x20, 0x20, 0x20, 0x20
.byte 0x20, 0x20, 0x20, 0x20, 0x3c, 0x21, 0x2d, 0x2d, 0x20, 0x50, 0x72, 0x6f, 0x67, 0x72, 0x65, 0x73
.byte 0x73, 0x20, 0x42, 0x61, 0x72, 0x20, 0x2d, 0x2d, 0x3e, 0x0a, 0x20, 0x20, 0x20, 0x20, 0x20, 0x20
.byte 0x20, 0x20, 0x20, 0x20, 0x20, 0x20, 0x20, 0x20, 0x20, 0x20, 0x3c, 0x64, 0x69, 0x76, 0x3e, 0x0a
.byte 0x20, 0x20, 0x20, 0x20, 0x20, 0x20, 0x20, 0x20, 0x20, 0x20, 0x20, 0x20, 0x20, 0x20, 0x20, 0x20
.byte 0x20, 0x20, 0x20, 0x20, 0x3c, 0x64, 0x69, 0x76, 0x20, 0x63, 0x6c, 0x61, 0x73, 0x73, 0x3d, 0x22
.byte 0x66, 0x6c, 0x65, 0x78, 0x20, 0x6a, 0x75, 0x73, 0x74, 0x69, 0x66, 0x79, 0x2d, 0x62, 0x65, 0x74
.byte 0x77, 0x65, 0x65, 0x6e, 0x20, 0x74, 0x65, 0x78, 0x74, 0x2d, 0x78, 0x73, 0x20, 0x74, 0x65, 0x78
.byte 0x74, 0x2d, 0x73, 0x6c, 0x61, 0x74, 0x65, 0x2d, 0x34, 0x30, 0x30, 0x20, 0x6d, 0x62, 0x2d, 0x31
.byte 0x22, 0x3e, 0x0a, 0x20, 0x20, 0x20, 0x20, 0x20, 0x20, 0x20, 0x20, 0x20, 0x20, 0x20, 0x20, 0x20
.byte 0x20, 0x20, 0x20, 0x20, 0x20, 0x20, 0x20, 0x20, 0x20, 0x20, 0x20, 0x3c, 0x73, 0x70, 0x61, 0x6e
.byte 0x3e, 0x4c, 0x6f, 0x77, 0x3c, 0x2f, 0x73, 0x70, 0x61, 0x6e, 0x3e, 0x0a, 0x20, 0x20, 0x20, 0x20
.byte 0x20, 0x20, 0x20, 0x20, 0x20, 0x20, 0x20, 0x20, 0x20, 0x20, 0x20, 0x20, 0x20, 0x20, 0x20, 0x20
.byte 0x20, 0x20, 0x20, 0x20, 0x3c, 0x73, 0x70, 0x61, 0x6e, 0x20, 0x69, 0x64, 0x3d, 0x22, 0x6c, 0x69
.byte 0x67, 0x68, 0x74, 0x53, 0x74, 0x61, 0x74, 0x75, 0x73, 0x22, 0x3e, 0x4d, 0x6f, 0x64, 0x65, 0x72
.byte 0x61, 0x74, 0x65, 0x3c, 0x2f, 0x73, 0x70, 0x61, 0x6e, 0x3e, 0x0a, 0x20, 0x20, 0x20, 0x20, 0x20
.byte 0x20, 0x20, 0x20, 0x20, 0x20, 0x20, 0x20, 0x20, 0x20, 0x20, 0x20, 0x20, 0x20, 0x20, 0x20, 0x20
.byte 0x20, 0x20, 0x20, 0x3c, 0x73, 0x70, 0x61, 0x6e, 0x3e, 0x42, 0x72, 0x69, 0x67, 0x68, 0x74, 0x3c
.byte 0x2f, 0x73, 0x70, 0x61, 0x6e, 0x3e, 0x0a, 0x20, 0x20, 0x20, 0x20, 0x20, 0x20, 0x20, 0x20, 0x20
.byte 0x20, 0x20, 0x20, 0x20, 0x20, 0x20, 0x20, 0x20, 0x20, 0x20, 0x20, 0x3c, 0x2f, 0x64, 0x69, 0x76
.byte 0x3e, 0x0a, 0x20, 0x20, 0x20, 0x20, 0x20, 0x20, 0x20, 0x20, 0x20, 0x20, 0x20, 0x20, 0x20, 0x20
.byte 0x20, 0x20, 0x20, 0x20, 0x20, 0x20, 0x3c, 0x64, 0x69, 0x76, 0x20, 0x63, 0x6c, 0x61, 0x73, 0x73
.byte 0x3d, 0x22, 0x77, 0x2d, 0x66, 0x75, 0x6c, 0x6c, 0x20, 0x62, 0x67, 0x2d, 0x73, 0x6c, 0x61, 0x74
.byte 0x65, 0x2d, 0x38, 0x30, 0x30, 0x2f, 0x38, 0x30, 0x20, 0x72, 0x6f, 0x75, 0x6e, 0x64, 0x65, 0x64
.byte 0x2d, 0x66, 0x75, 0x6c, 0x6c, 0x20, 0x68, 0x2d, 0x32, 0x20, 0x6f, 0x76, 0x65, 0x72, 0x66, 0x6c
.byte 0x6f, 0x77, 0x2d, 0x68, 0x69, 0x64, 0x64, 0x65, 0x6e, 0x20, 0x62, 0x6f, 0x72, 0x64, 0x65, 0x72
.byte 0x20, 0x62, 0x6f, 0x72, 0x64, 0x65, 0x72, 0x2d, 0x77, 0x68, 0x69, 0x74, 0x65, 0x2f, 0x35, 0x22
.byte 0x3e, 0x0a, 0x20, 0x20, 0x20, 0x20, 0x20, 0x20, 0x20, 0x20, 0x20, 0x20, 0x20, 0x20, 0x20, 0x20
.byte 0x20, 0x20, 0x20, 0x20, 0x20, 0x20, 0x20, 0x20, 0x20, 0x20, 0x3c, 0x64, 0x69, 0x76, 0x20, 0x69
.byte 0x64, 0x3d, 0x22, 0x6c, 0x69, 0x67, 0x68, 0x74, 0x42, 0x61, 0x72, 0x22, 0x20, 0x63, 0x6c, 0x61
.byte 0x73, 0x73, 0x3d, 0x22, 0x62, 0x67, 0x2d, 0x67, 0x72, 0x61, 0x64, 0x69, 0x65, 0x6e, 0x74, 0x2d
.byte 0x74, 0x6f, 0x2d, 0x72, 0x20, 0x66, 0x72, 0x6f, 0x6d, 0x2d, 0x61, 0x6d, 0x62, 0x65, 0x72, 0x2d
.byte 0x34, 0x30, 0x30, 0x20, 0x74, 0x6f, 0x2d, 0x79, 0x65, 0x6c, 0x6c, 0x6f, 0x77, 0x2d, 0x33, 0x30
.byte 0x30, 0x20, 0x68, 0x2d, 0x32, 0x20, 0x72, 0x6f, 0x75, 0x6e, 0x64, 0x65, 0x64, 0x2d, 0x66, 0x75
.byte 0x6c, 0x6c, 0x20, 0x74, 0x72, 0x61, 0x6e, 0x73, 0x69, 0x74, 0x69, 0x6f, 0x6e, 0x2d, 0x61, 0x6c
.byte 0x6c, 0x20, 0x64, 0x75, 0x72, 0x61, 0x74, 0x69, 0x6f, 0x6e, 0x2d, 0x35, 0x30, 0x30, 0x22, 0x20
.byte 0x73, 0x74, 0x79, 0x6c, 0x65, 0x3d, 0x22, 0x77, 0x69, 0x64, 0x74, 0x68, 0x3a, 0x20, 0x30, 0x25
.byte 0x22, 0x3e, 0x3c, 0x2f, 0x64, 0x69, 0x76, 0x3e, 0x0a, 0x20, 0x20, 0x20, 0x20, 0x20, 0x20, 0x20
.byte 0x20, 0x20, 0x20, 0x20, 0x20, 0x20, 0x20, 0x20, 0x20, 0x20, 0x20, 0x20, 0x20, 0x3c, 0x2f, 0x64
.byte 0x69, 0x76, 0x3e, 0x0a, 0x20, 0x20, 0x20, 0x20, 0x20, 0x20, 0x20, 0x20, 0x20, 0x20, 0x20, 0x20
.byte 0x20, 0x20, 0x20, 0x20, 0x3c, 0x2f, 0x64, 0x69, 0x76, 0x3e, 0x0a, 0x20, 0x20, 0x20, 0x20, 0x20
.byte 0x20, 0x20, 0x20, 0x20, 0x20, 0x20, 0x20, 0x3c, 0x2f, 0x64, 0x69, 0x76, 0x3e, 0x0a, 0x0a, 0x20
.byte 0x20, 0x20, 0x20, 0x20, 0x20, 0x20, 0x20, 0x20, 0x20, 0x20, 0x20, 0x3c, 0x21, 0x2d, 0x2d, 0x20
.byte 0x43, 0x61, 0x72, 0x64, 0x20, 0x34, 0x3a, 0x20, 0x53, 0x6f, 0x69, 0x6c, 0x20, 0x2f, 0x20, 0x57
.byte 0x61, 0x74, 0x65, 0x72, 0x20, 0x4d, 0x6f, 0x69, 0x73, 0x74, 0x75, 0x72, 0x65, 0x20, 0x2d, 0x2d
.byte 0x3e, 0x0a, 0x20, 0x20, 0x20, 0x20, 0x20, 0x20, 0x20, 0x20, 0x20, 0x20, 0x20, 0x20, 0x3c, 0x64
.byte 0x69, 0x76, 0x20, 0x63, 0x6c, 0x61, 0x73, 0x73, 0x3d, 0x22, 0x67, 0x6c, 0x61, 0x73, 0x73, 0x2d
.byte 0x63, 0x61, 0x72, 0x64, 0x20, 0x67, 0x6c, 0x61, 0x73, 0x73, 0x2d, 0x63, 0x61, 0x72, 0x64, 0x2d
.byte 0x68, 0x6f, 0x76, 0x65, 0x72, 0x20, 0x72, 0x6f, 0x75, 0x6e, 0x64, 0x65, 0x64, 0x2d, 0x32, 0x78
.byte 0x6c, 0x20, 0x70, 0x2d, 0x35, 0x20, 0x66, 0x6c, 0x65, 0x78, 0x20, 0x66, 0x6c, 0x65, 0x78, 0x2d
.byte 0x63, 0x6f, 0x6c, 0x20, 0x6a, 0x75, 0x73, 0x74, 0x69, 0x66, 0x79, 0x2d, 0x62, 0x65, 0x74, 0x77
.byte 0x65, 0x65, 0x6e, 0x20, 0x72, 0x65, 0x6c, 0x61, 0x74, 0x69, 0x76, 0x65, 0x20, 0x6f, 0x76, 0x65
.byte 0x72, 0x66, 0x6c, 0x6f, 0x77, 0x2d, 0x68, 0x69, 0x64, 0x64, 0x65, 0x6e, 0x22, 0x3e, 0x0a, 0x20
.byte 0x20, 0x20, 0x20, 0x20, 0x20, 0x20, 0x20, 0x20, 0x20, 0x20, 0x20, 0x20, 0x20, 0x20, 0x20, 0x3c
.byte 0x64, 0x69, 0x76, 0x20, 0x63, 0x6c, 0x61, 0x73, 0x73, 0x3d, 0x22, 0x66, 0x6c, 0x65, 0x78, 0x20
.byte 0x6a, 0x75, 0x73, 0x74, 0x69, 0x66, 0x79, 0x2d, 0x62, 0x65, 0x74, 0x77, 0x65, 0x65, 0x6e, 0x20
.byte 0x69, 0x74, 0x65, 0x6d, 0x73, 0x2d, 0x73, 0x74, 0x61, 0x72, 0x74, 0x20, 0x6d, 0x62, 0x2d, 0x33
.byte 0x22, 0x3e, 0x0a, 0x20, 0x20, 0x20, 0x20, 0x20, 0x20, 0x20, 0x20, 0x20, 0x20, 0x20, 0x20, 0x20
.byte 0x20, 0x20, 0x20, 0x20, 0x20, 0x20, 0x20, 0x3c, 0x64, 0x69, 0x76, 0x3e, 0x0a, 0x20, 0x20, 0x20
.byte 0x20, 0x20, 0x20, 0x20, 0x20, 0x20, 0x20, 0x20, 0x20, 0x20, 0x20, 0x20, 0x20, 0x20, 0x20, 0x20
.byte 0x20, 0x20, 0x20, 0x20, 0x20, 0x3c, 0x73, 0x70, 0x61, 0x6e, 0x20, 0x63, 0x6c, 0x61, 0x73, 0x73
.byte 0x3d, 0x22, 0x74, 0x65, 0x78, 0x74, 0x2d, 0x78, 0x73, 0x20, 0x66, 0x6f, 0x6e, 0x74, 0x2d, 0x73
.byte 0x65, 0x6d, 0x69, 0x62, 0x6f, 0x6c, 0x64, 0x20, 0x75, 0x70, 0x70, 0x65, 0x72, 0x63, 0x61, 0x73
.byte 0x65, 0x20, 0x74, 0x72, 0x61, 0x63, 0x6b, 0x69, 0x6e, 0x67, 0x2d, 0x77, 0x69, 0x64, 0x65, 0x72
.byte 0x20, 0x74, 0x65, 0x78, 0x74, 0x2d, 0x73, 0x6c, 0x61, 0x74, 0x65, 0x2d, 0x34, 0x30, 0x30, 0x22
.byte 0x3e, 0x53, 0x6f, 0x69, 0x6c, 0x20, 0x4d, 0x6f, 0x69, 0x73, 0x74, 0x75, 0x72, 0x65, 0x3c, 0x2f
.byte 0x73, 0x70, 0x61, 0x6e, 0x3e, 0x0a, 0x20, 0x20, 0x20, 0x20, 0x20, 0x20, 0x20, 0x20, 0x20, 0x20
.byte 0x20, 0x20, 0x20, 0x20, 0x20, 0x20, 0x20, 0x20, 0x20, 0x20, 0x20, 0x20, 0x20, 0x20, 0x3c, 0x68
.byte 0x33, 0x20, 0x63, 0x6c, 0x61, 0x73, 0x73, 0x3d, 0x22, 0x74, 0x65, 0x78, 0x74, 0x2d, 0x33, 0x78
.byte 0x6c, 0x20, 0x66, 0x6f, 0x6e, 0x74, 0x2d, 0x65, 0x78, 0x74, 0x72, 0x61, 0x62, 0x6f, 0x6c, 0x64
.byte 0x20, 0x74, 0x65, 0x78, 0x74, 0x2d, 0x77, 0x68, 0x69, 0x74, 0x65, 0x20, 0x6d, 0x74, 0x2d, 0x31
.byte 0x22, 0x20, 0x69, 0x64, 0x3d, 0x22, 0x73, 0x6f, 0x69, 0x6c, 0x56, 0x61, 0x6c, 0x22, 0x3e, 0x2d
.byte 0x2d, 0x20, 0x25, 0x3c, 0x2f, 0x68, 0x33, 0x3e, 0x0a, 0x20, 0x20, 0x20, 0x20, 0x20, 0x20, 0x20
.byte 0x20, 0x20, 0x20, 0x20, 0x20, 0x20, 0x20, 0x20, 0x20, 0x20, 0x20, 0x20, 0x20, 0x3c, 0x2f, 0x64
.byte 0x69, 0x76, 0x3e, 0x0a, 0x20, 0x20, 0x20, 0x20, 0x20, 0x20, 0x20, 0x20, 0x20, 0x20, 0x20, 0x20
.byte 0x20, 0x20, 0x20, 0x20, 0x20, 0x20, 0x20, 0x20, 0x3c, 0x64, 0x69, 0x76, 0x20, 0x63, 0x6c, 0x61
.byte 0x73, 0x73, 0x3d, 0x22, 0x70, 0x2d, 0x33, 0x20, 0x62, 0x67, 0x2d, 0x6c, 0x69, 0x6d, 0x65, 0x2d
.byte 0x35, 0x30, 0x30, 0x2f, 0x32, 0x30, 0x20, 0x74, 0x65, 0x78, 0x74, 0x2d, 0x6c, 0x69, 0x6d, 0x65
.byte 0x2d, 0x34, 0x30, 0x30, 0x20, 0x72, 0x6f, 0x75, 0x6e, 0x64, 0x65, 0x64, 0x2d, 0x78, 0x6c, 0x20
.byte 0x62, 0x6f, 0x72, 0x64, 0x65, 0x72, 0x20, 0x62, 0x6f, 0x72, 0x64, 0x65, 0x72, 0x2d, 0x6c, 0x69
.byte 0x6d, 0x65, 0x2d, 0x35, 0x30, 0x30, 0x2f, 0x33, 0x30, 0x22, 0x3e, 0x0a, 0x20, 0x20, 0x20, 0x20
.byte 0x20, 0x20, 0x20, 0x20, 0x20, 0x20, 0x20, 0x20, 0x20, 0x20, 0x20, 0x20, 0x20, 0x20, 0x20, 0x20
.byte 0x20, 0x20, 0x20, 0x20, 0x3c, 0x69, 0x20, 0x63, 0x6c, 0x61, 0x73, 0x73, 0x3d, 0x22, 0x66, 0x61
.byte 0x2d, 0x73, 0x6f, 0x6c, 0x69, 0x64, 0x20, 0x66, 0x61, 0x2d, 0x73, 0x65, 0x65, 0x64, 0x6c, 0x69
.byte 0x6e, 0x67, 0x20, 0x74, 0x65, 0x78, 0x74, 0x2d, 0x78, 0x6c, 0x22, 0x3e, 0x3c, 0x2f, 0x69, 0x3e
.byte 0x0a, 0x20, 0x20, 0x20, 0x20, 0x20, 0x20, 0x20, 0x20, 0x20, 0x20, 0x20, 0x20, 0x20, 0x20, 0x20
.byte 0x20, 0x20, 0x20, 0x20, 0x20, 0x3c, 0x2f, 0x64, 0x69, 0x76, 0x3e, 0x0a, 0x20, 0x20, 0x20, 0x20
.byte 0x20, 0x20, 0x20, 0x20, 0x20, 0x20, 0x20, 0x20, 0x20, 0x20, 0x20, 0x20, 0x3c, 0x2f, 0x64, 0x69
.byte 0x76, 0x3e, 0x0a, 0x20, 0x20, 0x20, 0x20, 0x20, 0x20, 0x20, 0x20, 0x20, 0x20, 0x20, 0x20, 0x20
.byte 0x20, 0x20, 0x20, 0x3c, 0x21, 0x2d, 0x2d, 0x20, 0x50, 0x72, 0x6f, 0x67, 0x72, 0x65, 0x73, 0x73
.byte 0x20, 0x42, 0x61, 0x72, 0x20, 0x2d, 0x2d, 0x3e, 0x0a, 0x20, 0x20, 0x20, 0x20, 0x20, 0x20, 0x20
.byte 0x20, 0x20, 0x20, 0x20, 0x20, 0x20, 0x20, 0x20, 0x20, 0x3c, 0x64, 0x69, 0x76, 0x3e, 0x0a, 0x20
.byte 0x20, 0x20, 0x20, 0x20, 0x20, 0x20, 0x20, 0x20, 0x20, 0x20, 0x20, 0x20, 0x20, 0x20, 0x20, 0x20
.byte 0x20, 0x20, 0x20, 0x3c, 0x64, 0x69, 0x76, 0x20, 0x63, 0x6c, 0x61, 0x73, 0x73, 0x3d, 0x22, 0x66
.byte 0x6c, 0x65, 0x78, 0x20, 0x6a, 0x75, 0x73, 0x74, 0x69, 0x66, 0x79, 0x2d, 0x62, 0x65, 0x74, 0x77
.byte 0x65, 0x65, 0x6e, 0x20, 0x74, 0x65, 0x78, 0x74, 0x2d, 0x78, 0x73, 0x20, 0x74, 0x65, 0x78, 0x74
.byte 0x2d, 0x73, 0x6c, 0x61, 0x74, 0x65, 0x2d, 0x34, 0x30, 0x30, 0x20, 0x6d, 0x62, 0x2d, 0x31, 0x22
.byte 0x3e, 0x0a, 0x20, 0x20, 0x20, 0x20, 0x20, 0x20, 0x20, 0x20, 0x20, 0x20, 0x20, 0x20, 0x20, 0x20
.byte 0x20, 0x20, 0x20, 0x20, 0x20, 0x20, 0x20, 0x20, 0x20, 0x20, 0x3c, 0x73, 0x70, 0x61, 0x6e, 0x3e
.byte 0x44, 0x72, 0x79, 0x3c, 0x2f, 0x73, 0x70, 0x61, 0x6e, 0x3e, 0x0a, 0x20, 0x20, 0x20, 0x20, 0x20
.byte 0x20, 0x20, 0x20, 0x20, 0x20, 0x20, 0x20, 0x20, 0x20, 0x20, 0x20, 0x20, 0x20, 0x20, 0x20, 0x20
.byte 0x20, 0x20, 0x20, 0x3c, 0x73, 0x70, 0x61, 0x6e, 0x20, 0x69, 0x64, 0x3d, 0x22, 0x73, 0x6f, 0x69
.byte 0x6c, 0x53, 0x74, 0x61, 0x74, 0x75, 0x73, 0x22, 0x3e, 0x4d, 0x6f, 0x69, 0x73, 0x74, 0x3c, 0x2f
.byte 0x73, 0x70, 0x61, 0x6e, 0x3e, 0x0a, 0x20, 0x20, 0x20, 0x20, 0x20, 0x20, 0x20, 0x20, 0x20, 0x20
.byte 0x20, 0x20, 0x20, 0x20, 0x20, 0x20, 0x20, 0x20, 0x20, 0x20, 0x20, 0x20, 0x20, 0x20, 0x3c, 0x73
.byte 0x70, 0x61, 0x6e, 0x3e, 0x57, 0x65, 0x74, 0x3c, 0x2f, 0x73, 0x70, 0x61, 0x6e, 0x3e, 0x0a, 0x20
.byte 0x20, 0x20, 0x20, 0x20, 0x20, 0x20, 0x20, 0x20, 0x20, 0x20, 0x20, 0x20, 0x20, 0x20, 0x20, 0x20
.byte 0x20, 0x20, 0x20, 0x3c, 0x2f, 0x64, 0x69, 0x76, 0x3e, 0x0a, 0x20, 0x20, 0x20, 0x20, 0x20, 0x20
.byte 0x20, 0x20, 0x20, 0x20, 0x20, 0x20, 0x20, 0x20, 0x20, 0x20, 0x20, 0x20, 0x20, 0x20, 0x3c, 0x64
.byte 0x69, 0x76, 0x20, 0x63, 0x6c, 0x61, 0x73, 0x73, 0x3d, 0x22, 0x77, 0x2d, 0x66, 0x75, 0x6c, 0x6c
.byte 0x20, 0x62, 0x67, 0x2d, 0x73, 0x6c, 0x61, 0x74, 0x65, 0x2d, 0x38, 0x30, 0x30, 0x2f, 0x38, 0x30
.byte 0x20, 0x72, 0x6f, 0x75, 0x6e, 0x64, 0x65, 0x64, 0x2d, 0x66, 0x75, 0x6c, 0x6c, 0x20, 0x68, 0x2d
.byte 0x32, 0x20, 0x6f, 0x76, 0x65, 0x72, 0x66, 0x6c, 0x6f, 0x77, 0x2d, 0x68, 0x69, 0x64, 0x64, 0x65
.byte 0x6e, 0x20, 0x62, 0x6f, 0x72, 0x64, 0x65, 0x72, 0x20, 0x62, 0x6f, 0x72, 0x64, 0x65, 0x72, 0x2d
.byte 0x77, 0x68, 0x69, 0x74, 0x65, 0x2f, 0x35, 0x22, 0x3e, 0x0a, 0x20, 0x20, 0x20, 0x20, 0x20, 0x20
.byte 0x20, 0x20, 0x20, 0x20, 0x20, 0x20, 0x20, 0x20, 0x20, 0x20, 0x20, 0x20, 0x20, 0x20, 0x20, 0x20
.byte 0x20, 0x20, 0x3c, 0x64, 0x69, 0x76, 0x20, 0x69, 0x64, 0x3d, 0x22, 0x73, 0x6f, 0x69, 0x6c, 0x42
.byte 0x61, 0x72, 0x22, 0x20, 0x63, 0x6c, 0x61, 0x73, 0x73, 0x3d, 0x22, 0x62, 0x67, 0x2d, 0x67, 0x72
.byte 0x61, 0x64, 0x69, 0x65, 0x6e, 0x74, 0x2d, 0x74, 0x6f, 0x2d, 0x72, 0x20, 0x66, 0x72, 0x6f, 0x6d
.byte 0x2d, 0x65, 0x6d, 0x65, 0x72, 0x61, 0x6c, 0x64, 0x2d, 0x35, 0x30, 0x30, 0x20, 0x74, 0x6f, 0x2d
.byte 0x6c, 0x69, 0x6d, 0x65, 0x2d, 0x34, 0x30, 0x30, 0x20, 0x68, 0x2d, 0x32, 0x20, 0x72, 0x6f, 0x75
.byte 0x6e, 0x64, 0x65, 0x64, 0x2d, 0x66, 0x75, 0x6c, 0x6c, 0x20, 0x74, 0x72, 0x61, 0x6e, 0x73, 0x69
.byte 0x74, 0x69, 0x6f, 0x6e, 0x2d, 0x61, 0x6c, 0x6c, 0x20, 0x64, 0x75, 0x72, 0x61, 0x74, 0x69, 0x6f
.byte 0x6e, 0x2d, 0x35, 0x30, 0x30, 0x22, 0x20, 0x73, 0x74, 0x79, 0x6c, 0x65, 0x3d, 0x22, 0x77, 0x69
.byte 0x64, 0x74, 0x68, 0x3a, 0x20, 0x30, 0x25, 0x22, 0x3e, 0x3c, 0x2f, 0x64, 0x69, 0x76, 0x3e, 0x0a
.byte 0x20, 0x20, 0x20, 0x20, 0x20, 0x20, 0x20, 0x20, 0x20, 0x20, 0x20, 0x20, 0x20, 0x20, 0x20, 0x20
.byte 0x20, 0x20, 0x20, 0x20, 0x3c, 0x2f, 0x64, 0x69, 0x76, 0x3e, 0x0a, 0x20, 0x20, 0x20, 0x20, 0x20
.byte 0x20, 0x20, 0x20, 0x20, 0x20, 0x20, 0x20, 0x20, 0x20, 0x20, 0x20, 0x3c, 0x2f, 0x64, 0x69, 0x76
.byte 0x3e, 0x0a, 0x20, 0x20, 0x20, 0x20, 0x20, 0x20, 0x20, 0x20, 0x20, 0x20, 0x20, 0x20, 0x3c, 0x2f
.byte 0x64, 0x69, 0x76, 0x3e, 0x0a, 0x0a, 0x20, 0x20, 0x20, 0x20, 0x20, 0x20, 0x20, 0x20, 0x3c, 0x2f
.byte 0x6d, 0x61, 0x69, 0x6e, 0x3e, 0x0a, 0x0a, 0x20, 0x20, 0x20, 0x20, 0x20, 0x20, 0x20, 0x20, 0x3c
.byte 0x21, 0x2d, 0x2d, 0x20, 0x4d, 0x69, 0x64, 0x64, 0x6c, 0x65, 0x20, 0x53, 0x65, 0x63, 0x74, 0x69
.byte 0x6f, 0x6e, 0x3a, 0x20, 0x43, 0x68, 0x61, 0x72, 0x74, 0x20, 0x2b, 0x20, 0x41, 0x63, 0x74, 0x75
.byte 0x61, 0x74, 0x6f, 0x72, 0x20, 0x43, 0x6f, 0x6e, 0x74, 0x72, 0x6f, 0x6c, 0x73, 0x20, 0x2d, 0x2d
.byte 0x3e, 0x0a, 0x20, 0x20, 0x20, 0x20, 0x20, 0x20, 0x20, 0x20, 0x3c, 0x64, 0x69, 0x76, 0x20, 0x63
.byte 0x6c, 0x61, 0x73, 0x73, 0x3d, 0x22, 0x67, 0x72, 0x69, 0x64, 0x20, 0x67, 0x72, 0x69, 0x64, 0x2d
.byte 0x63, 0x6f, 0x6c, 0x73, 0x2d, 0x31, 0x20, 0x6c, 0x67, 0x3a, 0x67, 0x72, 0x69, 0x64, 0x2d, 0x63
.byte 0x6f, 0x6c, 0x73, 0x2d, 0x33, 0x20, 0x67, 0x61, 0x70, 0x2d, 0x35, 0x20, 0x6d, 0x62, 0x2d, 0x36
.byte 0x22, 0x3e, 0x0a, 0x20, 0x20, 0x20, 0x20, 0x20, 0x20, 0x20, 0x20, 0x20, 0x20, 0x20, 0x20, 0x0a
.byte 0x20, 0x20, 0x20, 0x20, 0x20, 0x20, 0x20, 0x20, 0x20, 0x20, 0x20, 0x20, 0x3c, 0x21, 0x2d, 0x2d
.byte 0x20, 0x52, 0x65, 0x61, 0x6c, 0x74, 0x69, 0x6d, 0x65, 0x20, 0x43, 0x68, 0x61, 0x72, 0x74, 0x20
.byte 0x28, 0x32, 0x20, 0x43, 0x6f, 0x6c, 0x75, 0x6d, 0x6e, 0x73, 0x29, 0x20, 0x2d, 0x2d, 0x3e, 0x0a
.byte 0x20, 0x20, 0x20, 0x20, 0x20, 0x20, 0x20, 0x20, 0x20, 0x20, 0x20, 0x20, 0x3c, 0x64, 0x69, 0x76
.byte 0x20, 0x63, 0x6c, 0x61, 0x73, 0x73, 0x3d, 0x22, 0x6c, 0x67, 0x3a, 0x63, 0x6f, 0x6c, 0x2d, 0x73
.byte 0x70, 0x61, 0x6e, 0x2d, 0x32, 0x20, 0x67, 0x6c, 0x61, 0x73, 0x73, 0x2d, 0x63, 0x61, 0x72, 0x64
.byte 0x20, 0x72, 0x6f, 0x75, 0x6e, 0x64, 0x65, 0x64, 0x2d, 0x32, 0x78, 0x6c, 0x20, 0x70, 0x2d, 0x35
.byte 0x20, 0x66, 0x6c, 0x65, 0x78, 0x20, 0x66, 0x6c, 0x65, 0x78, 0x2d, 0x63, 0x6f, 0x6c, 0x22, 0x3e
.byte 0x0a, 0x20, 0x20, 0x20, 0x20, 0x20, 0x20, 0x20, 0x20, 0x20, 0x20, 0x20, 0x20, 0x20, 0x20, 0x20
.byte 0x20, 0x3c, 0x64, 0x69, 0x76, 0x20, 0x63, 0x6c, 0x61, 0x73, 0x73, 0x3d, 0x22, 0x66, 0x6c, 0x65
.byte 0x78, 0x20, 0x69, 0x74, 0x65, 0x6d, 0x73, 0x2d, 0x63, 0x65, 0x6e, 0x74, 0x65, 0x72, 0x20, 0x6a
.byte 0x75, 0x73, 0x74, 0x69, 0x66, 0x79, 0x2d, 0x62, 0x65, 0x74, 0x77, 0x65, 0x65, 0x6e, 0x20, 0x6d
.byte 0x62, 0x2d, 0x34, 0x22, 0x3e, 0x0a, 0x20, 0x20, 0x20, 0x20, 0x20, 0x20, 0x20, 0x20, 0x20, 0x20
.byte 0x20, 0x20, 0x20, 0x20, 0x20, 0x20, 0x20, 0x20, 0x20, 0x20, 0x3c, 0x64, 0x69, 0x76, 0x20, 0x63
.byte 0x6c, 0x61, 0x73, 0x73, 0x3d, 0x22, 0x66, 0x6c, 0x65, 0x78, 0x20, 0x69, 0x74, 0x65, 0x6d, 0x73
.byte 0x2d, 0x63, 0x65, 0x6e, 0x74, 0x65, 0x72, 0x20, 0x67, 0x61, 0x70, 0x2d, 0x32, 0x22, 0x3e, 0x0a
.byte 0x20, 0x20, 0x20, 0x20, 0x20, 0x20, 0x20, 0x20, 0x20, 0x20, 0x20, 0x20, 0x20, 0x20, 0x20, 0x20
.byte 0x20, 0x20, 0x20, 0x20, 0x20, 0x20, 0x20, 0x20, 0x3c, 0x69, 0x20, 0x63, 0x6c, 0x61, 0x73, 0x73
.byte 0x3d, 0x22, 0x66, 0x61, 0x2d, 0x73, 0x6f, 0x6c, 0x69, 0x64, 0x20, 0x66, 0x61, 0x2d, 0x63, 0x68
.byte 0x61, 0x72, 0x74, 0x2d, 0x6c, 0x69, 0x6e, 0x65, 0x20, 0x74, 0x65, 0x78, 0x74, 0x2d, 0x6c, 0x69
.byte 0x6d, 0x65, 0x2d, 0x34, 0x30, 0x30, 0x22, 0x3e, 0x3c, 0x2f, 0x69, 0x3e, 0x0a, 0x20, 0x20, 0x20
.byte 0x20, 0x20, 0x20, 0x20, 0x20, 0x20, 0x20, 0x20, 0x20, 0x20, 0x20, 0x20, 0x20, 0x20, 0x20, 0x20
.byte 0x20, 0x20, 0x20, 0x20, 0x20, 0x3c, 0x68, 0x32, 0x20, 0x63, 0x6c, 0x61, 0x73, 0x73, 0x3d, 0x22
.byte 0x74, 0x65, 0x78, 0x74, 0x2d, 0x62, 0x61, 0x73, 0x65, 0x20, 0x66, 0x6f, 0x6e, 0x74, 0x2d, 0x73
.byte 0x65, 0x6d, 0x69, 0x62, 0x6f, 0x6c, 0x64, 0x20, 0x74, 0x65, 0x78, 0x74, 0x2d, 0x77, 0x68, 0x69
.byte 0x74, 0x65, 0x22, 0x3e, 0x4c, 0x69, 0x76, 0x65, 0x20, 0x45, 0x6e, 0x76, 0x69, 0x72, 0x6f, 0x6e
.byte 0x6d, 0x65, 0x6e, 0x74, 0x61, 0x6c, 0x20, 0x48, 0x69, 0x73, 0x74, 0x6f, 0x72, 0x79, 0x3c, 0x2f
.byte 0x68, 0x32, 0x3e, 0x0a, 0x20, 0x20, 0x20, 0x20, 0x20, 0x20, 0x20, 0x20, 0x20, 0x20, 0x20, 0x20
.byte 0x20, 0x20, 0x20, 0x20, 0x20, 0x20, 0x20, 0x20, 0x3c, 0x2f, 0x64, 0x69, 0x76, 0x3e, 0x0a, 0x20
.byte 0x20, 0x20, 0x20, 0x20, 0x20, 0x20, 0x20, 0x20, 0x20, 0x20, 0x20, 0x20, 0x20, 0x20, 0x20, 0x20
.byte 0x20, 0x20, 0x20, 0x3c, 0x64, 0x69, 0x76, 0x20, 0x63, 0x6c, 0x61, 0x73, 0x73, 0x3d, 0x22, 0x66
.byte 0x6c, 0x65, 0x78, 0x20, 0x69, 0x74, 0x65, 0x6d, 0x73, 0x2d, 0x63, 0x65, 0x6e, 0x74, 0x65, 0x72
.byte 0x20, 0x67, 0x61, 0x70, 0x2d, 0x32, 0x20, 0x74, 0x65, 0x78, 0x74, 0x2d, 0x78, 0x73, 0x22, 0x3e
.byte 0x0a, 0x20, 0x20, 0x20, 0x20, 0x20, 0x20, 0x20, 0x20, 0x20, 0x20, 0x20, 0x20, 0x20, 0x20, 0x20
.byte 0x20, 0x20, 0x20, 0x20, 0x20, 0x20, 0x20, 0x20, 0x20, 0x3c, 0x73, 0x70, 0x61, 0x6e, 0x20, 0x63
.byte 0x6c, 0x61, 0x73, 0x73, 0x3d, 0x22, 0x69, 0x6e, 0x6c, 0x69, 0x6e, 0x65, 0x2d, 0x66, 0x6c, 0x65
.byte 0x78, 0x20, 0x69, 0x74, 0x65, 0x6d, 0x73, 0x2d, 0x63, 0x65, 0x6e, 0x74, 0x65, 0x72, 0x20, 0x67
.byte 0x61, 0x70, 0x2d, 0x31, 0x20, 0x74, 0x65, 0x78, 0x74, 0x2d, 0x72, 0x65, 0x64, 0x2d, 0x34, 0x30
.byte 0x30, 0x22, 0x3e, 0x3c, 0x73, 0x70, 0x61, 0x6e, 0x20, 0x63, 0x6c, 0x61, 0x73, 0x73, 0x3d, 0x22
.byte 0x77, 0x2d, 0x32, 0x20, 0x68, 0x2d, 0x32, 0x20, 0x72, 0x6f, 0x75, 0x6e, 0x64, 0x65, 0x64, 0x2d
.byte 0x66, 0x75, 0x6c, 0x6c, 0x20, 0x62, 0x67, 0x2d, 0x72, 0x65, 0x64, 0x2d, 0x34, 0x30, 0x30, 0x22
.byte 0x3e, 0x3c, 0x2f, 0x73, 0x70, 0x61, 0x6e, 0x3e, 0x20, 0x54, 0x65, 0x6d, 0x70, 0x20, 0x28, 0xc2
.byte 0xb0, 0x43, 0x29, 0x3c, 0x2f, 0x73, 0x70, 0x61, 0x6e, 0x3e, 0x0a, 0x20, 0x20, 0x20, 0x20, 0x20
.byte 0x20, 0x20, 0x20, 0x20, 0x20, 0x20, 0x20, 0x20, 0x20, 0x20, 0x20, 0x20, 0x20, 0x20, 0x20, 0x20
.byte 0x20, 0x20, 0x20, 0x3c, 0x73, 0x70, 0x61, 0x6e, 0x20, 0x63, 0x6c, 0x61, 0x73, 0x73, 0x3d, 0x22
.byte 0x69, 0x6e, 0x6c, 0x69, 0x6e, 0x65, 0x2d, 0x66, 0x6c, 0x65, 0x78, 0x20, 0x69, 0x74, 0x65, 0x6d
.byte 0x73, 0x2d, 0x63, 0x65, 0x6e, 0x74, 0x65, 0x72, 0x20, 0x67, 0x61, 0x70, 0x2d, 0x31, 0x20, 0x74
.byte 0x65, 0x78, 0x74, 0x2d, 0x73, 0x6b, 0x79, 0x2d, 0x34, 0x30, 0x30, 0x20, 0x6d, 0x6c, 0x2d, 0x32
.byte 0x22, 0x3e, 0x3c, 0x73, 0x70, 0x61, 0x6e, 0x20, 0x63, 0x6c, 0x61, 0x73, 0x73, 0x3d, 0x22, 0x77
.byte 0x2d, 0x32, 0x20, 0x68, 0x2d, 0x32, 0x20, 0x72, 0x6f, 0x75, 0x6e, 0x64, 0x65, 0x64, 0x2d, 0x66
.byte 0x75, 0x6c, 0x6c, 0x20, 0x62, 0x67, 0x2d, 0x73, 0x6b, 0x79, 0x2d, 0x34, 0x30, 0x30, 0x22, 0x3e
.byte 0x3c, 0x2f, 0x73, 0x70, 0x61, 0x6e, 0x3e, 0x20, 0x48, 0x75, 0x6d, 0x69, 0x64, 0x69, 0x74, 0x79
.byte 0x20, 0x28, 0x25, 0x29, 0x3c, 0x2f, 0x73, 0x70, 0x61, 0x6e, 0x3e, 0x0a, 0x20, 0x20, 0x20, 0x20
.byte 0x20, 0x20, 0x20, 0x20, 0x20, 0x20, 0x20, 0x20, 0x20, 0x20, 0x20, 0x20, 0x20, 0x20, 0x20, 0x20
.byte 0x3c, 0x2f, 0x64, 0x69, 0x76, 0x3e, 0x0a, 0x20, 0x20, 0x20, 0x20, 0x20, 0x20, 0x20, 0x20, 0x20
.byte 0x20, 0x20, 0x20, 0x20, 0x20, 0x20, 0x20, 0x3c, 0x2f, 0x64, 0x69, 0x76, 0x3e, 0x0a, 0x20, 0x20
.byte 0x20, 0x20, 0x20, 0x20, 0x20, 0x20, 0x20, 0x20, 0x20, 0x20, 0x20, 0x20, 0x20, 0x20, 0x3c, 0x64
.byte 0x69, 0x76, 0x20, 0x63, 0x6c, 0x61, 0x73, 0x73, 0x3d, 0x22, 0x77, 0x2d, 0x66, 0x75, 0x6c, 0x6c
.byte 0x20, 0x68, 0x2d, 0x36, 0x34, 0x20, 0x73, 0x6d, 0x3a, 0x68, 0x2d, 0x37, 0x32, 0x22, 0x3e, 0x0a
.byte 0x20, 0x20, 0x20, 0x20, 0x20, 0x20, 0x20, 0x20, 0x20, 0x20, 0x20, 0x20, 0x20, 0x20, 0x20, 0x20
.byte 0x20, 0x20, 0x20, 0x20, 0x3c, 0x63, 0x61, 0x6e, 0x76, 0x61, 0x73, 0x20, 0x69, 0x64, 0x3d, 0x22
.byte 0x73, 0x65, 0x6e, 0x73, 0x6f, 0x72, 0x43, 0x68, 0x61, 0x72, 0x74, 0x22, 0x3e, 0x3c, 0x2f, 0x63
.byte 0x61, 0x6e, 0x76, 0x61, 0x73, 0x3e, 0x0a, 0x20, 0x20, 0x20, 0x20, 0x20, 0x20, 0x20, 0x20, 0x20
.byte 0x20, 0x20, 0x20, 0x20, 0x20, 0x20, 0x20, 0x3c, 0x2f, 0x64, 0x69, 0x76, 0x3e, 0x0a, 0x20, 0x20
.byte 0x20, 0x20, 0x20, 0x20, 0x20, 0x20, 0x20, 0x20, 0x20, 0x20, 0x3c, 0x2f, 0x64, 0x69, 0x76, 0x3e
.byte 0x0a, 0x0a, 0x20, 0x20, 0x20, 0x20, 0x20, 0x20, 0x20, 0x20, 0x20, 0x20, 0x20, 0x20, 0x3c, 0x21
.byte 0x2d, 0x2d, 0x20, 0x43, 0x6f, 0x6e, 0x74, 0x72, 0x6f, 0x6c, 0x73, 0x20, 0x26, 0x20, 0x41, 0x63
.byte 0x74, 0x75, 0x61, 0x74, 0x6f, 0x72, 0x73, 0x20, 0x28, 0x31, 0x20, 0x43, 0x6f, 0x6c, 0x75, 0x6d
.byte 0x6e, 0x29, 0x20, 0x2d, 0x2d, 0x3e, 0x0a, 0x20, 0x20, 0x20, 0x20, 0x20, 0x20, 0x20, 0x20, 0x20
.byte 0x20, 0x20, 0x20, 0x3c, 0x64, 0x69, 0x76, 0x20, 0x63, 0x6c, 0x61, 0x73, 0x73, 0x3d, 0x22, 0x67
.byte 0x6c, 0x61, 0x73, 0x73, 0x2d, 0x63, 0x61, 0x72, 0x64, 0x20, 0x72, 0x6f, 0x75, 0x6e, 0x64, 0x65
.byte 0x64, 0x2d, 0x32, 0x78, 0x6c, 0x20, 0x70, 0x2d, 0x35, 0x20, 0x66, 0x6c, 0x65, 0x78, 0x20, 0x66
.byte 0x6c, 0x65, 0x78, 0x2d, 0x63, 0x6f, 0x6c, 0x20, 0x6a, 0x75, 0x73, 0x74, 0x69, 0x66, 0x79, 0x2d
.byte 0x62, 0x65, 0x74, 0x77, 0x65, 0x65, 0x6e, 0x20, 0x67, 0x61, 0x70, 0x2d, 0x34, 0x22, 0x3e, 0x0a
.byte 0x20, 0x20, 0x20, 0x20, 0x20, 0x20, 0x20, 0x20, 0x20, 0x20, 0x20, 0x20, 0x20, 0x20, 0x20, 0x20
.byte 0x3c, 0x64, 0x69, 0x76, 0x3e, 0x0a, 0x20, 0x20, 0x20, 0x20, 0x20, 0x20, 0x20, 0x20, 0x20, 0x20
.byte 0x20, 0x20, 0x20, 0x20, 0x20, 0x20, 0x20, 0x20, 0x20, 0x20, 0x3c, 0x64, 0x69, 0x76, 0x20, 0x63
.byte 0x6c, 0x61, 0x73, 0x73, 0x3d, 0x22, 0x66, 0x6c, 0x65, 0x78, 0x20, 0x69, 0x74, 0x65, 0x6d, 0x73
.byte 0x2d, 0x63, 0x65, 0x6e, 0x74, 0x65, 0x72, 0x20, 0x6a, 0x75, 0x73, 0x74, 0x69, 0x66, 0x79, 0x2d
.byte 0x62, 0x65, 0x74, 0x77, 0x65, 0x65, 0x6e, 0x20, 0x6d, 0x62, 0x2d, 0x34, 0x20, 0x70, 0x62, 0x2d
.byte 0x32, 0x20, 0x62, 0x6f, 0x72, 0x64, 0x65, 0x72, 0x2d, 0x62, 0x20, 0x62, 0x6f, 0x72, 0x64, 0x65
.byte 0x72, 0x2d, 0x77, 0x68, 0x69, 0x74, 0x65, 0x2f, 0x31, 0x30, 0x22, 0x3e, 0x0a, 0x20, 0x20, 0x20
.byte 0x20, 0x20, 0x20, 0x20, 0x20, 0x20, 0x20, 0x20, 0x20, 0x20, 0x20, 0x20, 0x20, 0x20, 0x20, 0x20
.byte 0x20, 0x20, 0x20, 0x20, 0x20, 0x3c, 0x68, 0x32, 0x20, 0x63, 0x6c, 0x61, 0x73, 0x73, 0x3d, 0x22
.byte 0x74, 0x65, 0x78, 0x74, 0x2d, 0x62, 0x61, 0x73, 0x65, 0x20, 0x66, 0x6f, 0x6e, 0x74, 0x2d, 0x73
.byte 0x65, 0x6d, 0x69, 0x62, 0x6f, 0x6c, 0x64, 0x20, 0x74, 0x65, 0x78, 0x74, 0x2d, 0x77, 0x68, 0x69
.byte 0x74, 0x65, 0x20, 0x66, 0x6c, 0x65, 0x78, 0x20, 0x69, 0x74, 0x65, 0x6d, 0x73, 0x2d, 0x63, 0x65
.byte 0x6e, 0x74, 0x65, 0x72, 0x20, 0x67, 0x61, 0x70, 0x2d, 0x32, 0x22, 0x3e, 0x0a, 0x20, 0x20, 0x20
.byte 0x20, 0x20, 0x20, 0x20, 0x20, 0x20, 0x20, 0x20, 0x20, 0x20, 0x20, 0x20, 0x20, 0x20, 0x20, 0x20
.byte 0x20, 0x20, 0x20, 0x20, 0x20, 0x20, 0x20, 0x20, 0x20, 0x3c, 0x69, 0x20, 0x63, 0x6c, 0x61, 0x73
.byte 0x73, 0x3d, 0x22, 0x66, 0x61, 0x2d, 0x73, 0x6f, 0x6c, 0x69, 0x64, 0x20, 0x66, 0x61, 0x2d, 0x73
.byte 0x6c, 0x69, 0x64, 0x65, 0x72, 0x73, 0x20, 0x74, 0x65, 0x78, 0x74, 0x2d, 0x6c, 0x69, 0x6d, 0x65
.byte 0x2d, 0x34, 0x30, 0x30, 0x22, 0x3e, 0x3c, 0x2f, 0x69, 0x3e, 0x0a, 0x20, 0x20, 0x20, 0x20, 0x20
.byte 0x20, 0x20, 0x20, 0x20, 0x20, 0x20, 0x20, 0x20, 0x20, 0x20, 0x20, 0x20, 0x20, 0x20, 0x20, 0x20
.byte 0x20, 0x20, 0x20, 0x20, 0x20, 0x20, 0x20, 0x43, 0x6f, 0x6e, 0x74, 0x72, 0x6f, 0x6c, 0x20, 0x43
.byte 0x65, 0x6e, 0x74, 0x65, 0x72, 0x0a, 0x20, 0x20, 0x20, 0x20, 0x20, 0x20, 0x20, 0x20, 0x20, 0x20
.byte 0x20, 0x20, 0x20, 0x20, 0x20, 0x20, 0x20, 0x20, 0x20, 0x20, 0x20, 0x20, 0x20, 0x20, 0x3c, 0x2f
.byte 0x68, 0x32, 0x3e, 0x0a, 0x20, 0x20, 0x20, 0x20, 0x20, 0x20, 0x20, 0x20, 0x20, 0x20, 0x20, 0x20
.byte 0x20, 0x20, 0x20, 0x20, 0x20, 0x20, 0x20, 0x20, 0x20, 0x20, 0x20, 0x20, 0x3c, 0x73, 0x70, 0x61
.byte 0x6e, 0x20, 0x63, 0x6c, 0x61, 0x73, 0x73, 0x3d, 0x22, 0x74, 0x65, 0x78, 0x74, 0x2d, 0x78, 0x73
.byte 0x20, 0x70, 0x78, 0x2d, 0x32, 0x20, 0x70, 0x79, 0x2d, 0x30, 0x2e, 0x35, 0x20, 0x72, 0x6f, 0x75
.byte 0x6e, 0x64, 0x65, 0x64, 0x20, 0x62, 0x67, 0x2d, 0x6c, 0x69, 0x6d, 0x65, 0x2d, 0x35, 0x30, 0x30
.byte 0x2f, 0x32, 0x30, 0x20, 0x74, 0x65, 0x78, 0x74, 0x2d, 0x6c, 0x69, 0x6d, 0x65, 0x2d, 0x34, 0x30
.byte 0x30, 0x20, 0x62, 0x6f, 0x72, 0x64, 0x65, 0x72, 0x20, 0x62, 0x6f, 0x72, 0x64, 0x65, 0x72, 0x2d
.byte 0x6c, 0x69, 0x6d, 0x65, 0x2d, 0x35, 0x30, 0x30, 0x2f, 0x33, 0x30, 0x22, 0x3e, 0x45, 0x53, 0x50
.byte 0x33, 0x32, 0x20, 0x47, 0x50, 0x49, 0x4f, 0x3c, 0x2f, 0x73, 0x70, 0x61, 0x6e, 0x3e, 0x0a, 0x20
.byte 0x20, 0x20, 0x20, 0x20, 0x20, 0x20, 0x20, 0x20, 0x20, 0x20, 0x20, 0x20, 0x20, 0x20, 0x20, 0x20
.byte 0x20, 0x20, 0x20, 0x3c, 0x2f, 0x64, 0x69, 0x76, 0x3e, 0x0a, 0x0a, 0x20, 0x20, 0x20, 0x20, 0x20
.byte 0x20, 0x20, 0x20, 0x20, 0x20, 0x20, 0x20, 0x20, 0x20, 0x20, 0x20, 0x20, 0x20, 0x20, 0x20, 0x3c
.byte 0x21, 0x2d, 0x2d, 0x20, 0x52, 0x65, 0x6c, 0x61, 0x79, 0x20, 0x31, 0x20, 0x53, 0x77, 0x69, 0x74
.byte 0x63, 0x68, 0x20, 0x28, 0x57, 0x61, 0x74, 0x65, 0x72, 0x20, 0x50, 0x75, 0x6d, 0x70, 0x29, 0x20
.byte 0x2d, 0x2d, 0x3e, 0x0a, 0x20, 0x20, 0x20, 0x20, 0x20, 0x20, 0x20, 0x20, 0x20, 0x20, 0x20, 0x20
.byte 0x20, 0x20, 0x20, 0x20, 0x20, 0x20, 0x20, 0x20, 0x3c, 0x64, 0x69, 0x76, 0x20, 0x63, 0x6c, 0x61
.byte 0x73, 0x73, 0x3d, 0x22, 0x67, 0x6c, 0x61, 0x73, 0x73, 0x2d, 0x70, 0x69, 0x6c, 0x6c, 0x20, 0x72
.byte 0x6f, 0x75, 0x6e, 0x64, 0x65, 0x64, 0x2d, 0x78, 0x6c, 0x20, 0x70, 0x2d, 0x33, 0x20, 0x6d, 0x62
.byte 0x2d, 0x33, 0x20, 0x66, 0x6c, 0x65, 0x78, 0x20, 0x69, 0x74, 0x65, 0x6d, 0x73, 0x2d, 0x63, 0x65
.byte 0x6e, 0x74, 0x65, 0x72, 0x20, 0x6a, 0x75, 0x73, 0x74, 0x69, 0x66, 0x79, 0x2d, 0x62, 0x65, 0x74
.byte 0x77, 0x65, 0x65, 0x6e, 0x22, 0x3e, 0x0a, 0x20, 0x20, 0x20, 0x20, 0x20, 0x20, 0x20, 0x20, 0x20
.byte 0x20, 0x20, 0x20, 0x20, 0x20, 0x20, 0x20, 0x20, 0x20, 0x20, 0x20, 0x20, 0x20, 0x20, 0x20, 0x3c
.byte 0x64, 0x69, 0x76, 0x20, 0x63, 0x6c, 0x61, 0x73, 0x73, 0x3d, 0x22, 0x66, 0x6c, 0x65, 0x78, 0x20
.byte 0x69, 0x74, 0x65, 0x6d, 0x73, 0x2d, 0x63, 0x65, 0x6e, 0x74, 0x65, 0x72, 0x20, 0x67, 0x61, 0x70
.byte 0x2d, 0x33, 0x22, 0x3e, 0x0a, 0x20, 0x20, 0x20, 0x20, 0x20, 0x20, 0x20, 0x20, 0x20, 0x20, 0x20
.byte 0x20, 0x20, 0x20, 0x20, 0x20, 0x20, 0x20, 0x20, 0x20, 0x20, 0x20, 0x20, 0x20, 0x20, 0x20, 0x20
.byte 0x20, 0x3c, 0x64, 0x69, 0x76, 0x20, 0x63, 0x6c, 0x61, 0x73, 0x73, 0x3d, 0x22, 0x77, 0x2d, 0x39
.byte 0x20, 0x68, 0x2d, 0x39, 0x20, 0x72, 0x6f, 0x75, 0x6e, 0x64, 0x65, 0x64, 0x2d, 0x6c, 0x67, 0x20
.byte 0x62, 0x67, 0x2d, 0x62, 0x6c, 0x75, 0x65, 0x2d, 0x35, 0x30, 0x30, 0x2f, 0x32, 0x30, 0x20, 0x74
.byte 0x65, 0x78, 0x74, 0x2d, 0x62, 0x6c, 0x75, 0x65, 0x2d, 0x34, 0x30, 0x30, 0x20, 0x66, 0x6c, 0x65
.byte 0x78, 0x20, 0x69, 0x74, 0x65, 0x6d, 0x73, 0x2d, 0x63, 0x65, 0x6e, 0x74, 0x65, 0x72, 0x20, 0x6a
.byte 0x75, 0x73, 0x74, 0x69, 0x66, 0x79, 0x2d, 0x63, 0x65, 0x6e, 0x74, 0x65, 0x72, 0x20, 0x62, 0x6f
.byte 0x72, 0x64, 0x65, 0x72, 0x20, 0x62, 0x6f, 0x72, 0x64, 0x65, 0x72, 0x2d, 0x62, 0x6c, 0x75, 0x65
.byte 0x2d, 0x35, 0x30, 0x30, 0x2f, 0x33, 0x30, 0x22, 0x3e, 0x0a, 0x20, 0x20, 0x20, 0x20, 0x20, 0x20
.byte 0x20, 0x20, 0x20, 0x20, 0x20, 0x20, 0x20, 0x20, 0x20, 0x20, 0x20, 0x20, 0x20, 0x20, 0x20, 0x20
.byte 0x20, 0x20, 0x20, 0x20, 0x20, 0x20, 0x20, 0x20, 0x20, 0x20, 0x3c, 0x69, 0x20, 0x63, 0x6c, 0x61
.byte 0x73, 0x73, 0x3d, 0x22, 0x66, 0x61, 0x2d, 0x73, 0x6f, 0x6c, 0x69, 0x64, 0x20, 0x66, 0x61, 0x2d
.byte 0x66, 0x61, 0x75, 0x63, 0x65, 0x74, 0x2d, 0x64, 0x72, 0x69, 0x70, 0x22, 0x3e, 0x3c, 0x2f, 0x69
.byte 0x3e, 0x0a, 0x20, 0x20, 0x20, 0x20, 0x20, 0x20, 0x20, 0x20, 0x20, 0x20, 0x20, 0x20, 0x20, 0x20
.byte 0x20, 0x20, 0x20, 0x20, 0x20, 0x20, 0x20, 0x20, 0x20, 0x20, 0x20, 0x20, 0x20, 0x20, 0x3c, 0x2f
.byte 0x64, 0x69, 0x76, 0x3e, 0x0a, 0x20, 0x20, 0x20, 0x20, 0x20, 0x20, 0x20, 0x20, 0x20, 0x20, 0x20
.byte 0x20, 0x20, 0x20, 0x20, 0x20, 0x20, 0x20, 0x20, 0x20, 0x20, 0x20, 0x20, 0x20, 0x20, 0x20, 0x20
.byte 0x20, 0x3c, 0x64, 0x69, 0x76, 0x3e, 0x0a, 0x20, 0x20, 0x20, 0x20, 0x20, 0x20, 0x20, 0x20, 0x20
.byte 0x20, 0x20, 0x20, 0x20, 0x20, 0x20, 0x20, 0x20, 0x20, 0x20, 0x20, 0x20, 0x20, 0x20, 0x20, 0x20
.byte 0x20, 0x20, 0x20, 0x20, 0x20, 0x20, 0x20, 0x3c, 0x70, 0x20, 0x63, 0x6c, 0x61, 0x73, 0x73, 0x3d
.byte 0x22, 0x74, 0x65, 0x78, 0x74, 0x2d, 0x73, 0x6d, 0x20, 0x66, 0x6f, 0x6e, 0x74, 0x2d, 0x73, 0x65
.byte 0x6d, 0x69, 0x62, 0x6f, 0x6c, 0x64, 0x20, 0x74, 0x65, 0x78, 0x74, 0x2d, 0x77, 0x68, 0x69, 0x74
.byte 0x65, 0x22, 0x3e, 0x57, 0x61, 0x74, 0x65, 0x72, 0x20, 0x50, 0x75, 0x6d, 0x70, 0x20, 0x52, 0x65
.byte 0x6c, 0x61, 0x79, 0x3c, 0x2f, 0x70, 0x3e, 0x0a, 0x20, 0x20, 0x20, 0x20, 0x20, 0x20, 0x20, 0x20
.byte 0x20, 0x20, 0x20, 0x20, 0x20, 0x20, 0x20, 0x20, 0x20, 0x20, 0x20, 0x20, 0x20, 0x20, 0x20, 0x20
.byte 0x20, 0x20, 0x20, 0x20, 0x20, 0x20, 0x20, 0x20, 0x3c, 0x70, 0x20, 0x63, 0x6c, 0x61, 0x73, 0x73
.byte 0x3d, 0x22, 0x74, 0x65, 0x78, 0x74, 0x2d, 0x78, 0x73, 0x20, 0x74, 0x65, 0x78, 0x74, 0x2d, 0x73
.byte 0x6c, 0x61, 0x74, 0x65, 0x2d, 0x34, 0x30, 0x30, 0x22, 0x20, 0x69, 0x64, 0x3d, 0x22, 0x72, 0x65
.byte 0x6c, 0x61, 0x79, 0x31, 0x54, 0x65, 0x78, 0x74, 0x22, 0x3e, 0x53, 0x74, 0x61, 0x74, 0x75, 0x73
.byte 0x3a, 0x20, 0x4f, 0x46, 0x46, 0x3c, 0x2f, 0x70, 0x3e, 0x0a, 0x20, 0x20, 0x20, 0x20, 0x20, 0x20
.byte 0x20, 0x20, 0x20, 0x20, 0x20, 0x20, 0x20, 0x20, 0x20, 0x20, 0x20, 0x20, 0x20, 0x20, 0x20, 0x20
.byte 0x20, 0x20, 0x20, 0x20, 0x20, 0x20, 0x3c, 0x2f, 0x64, 0x69, 0x76, 0x3e, 0x0a, 0x20, 0x20, 0x20
.byte 0x20, 0x20, 0x20, 0x20, 0x20, 0x20, 0x20, 0x20, 0x20, 0x20, 0x20, 0x20, 0x20, 0x20, 0x20, 0x20
.byte 0x20, 0x20, 0x20, 0x20, 0x20, 0x3c, 0x2f, 0x64, 0x69, 0x76, 0x3e, 0x0a, 0x20, 0x20, 0x20, 0x20
.byte 0x20, 0x20, 0x20, 0x20, 0x20, 0x20, 0x20, 0x20, 0x20, 0x20, 0x20, 0x20, 0x20, 0x20, 0x20, 0x20
.byte 0x20, 0x20, 0x20, 0x20, 0x3c, 0x6c, 0x61, 0x62, 0x65, 0x6c, 0x20, 0x63, 0x6c, 0x61, 0x73, 0x73
.byte 0x3d, 0x22, 0x72, 0x65, 0x6c, 0x61, 0x74, 0x69, 0x76, 0x65, 0x20, 0x69, 0x6e, 0x6c, 0x69, 0x6e
.byte 0x65, 0x2d, 0x66, 0x6c, 0x65, 0x78, 0x20, 0x69, 0x74, 0x65, 0x6d, 0x73, 0x2d, 0x63, 0x65, 0x6e
.byte 0x74, 0x65, 0x72, 0x20, 0x63, 0x75, 0x72, 0x73, 0x6f, 0x72, 0x2d, 0x70, 0x6f, 0x69, 0x6e, 0x74
.byte 0x65, 0x72, 0x22, 0x3e, 0x0a, 0x20, 0x20, 0x20, 0x20, 0x20, 0x20, 0x20, 0x20, 0x20, 0x20, 0x20
.byte 0x20, 0x20, 0x20, 0x20, 0x20, 0x20, 0x20, 0x20, 0x20, 0x20, 0x20, 0x20, 0x20, 0x20, 0x20, 0x20
.byte 0x20, 0x3c, 0x69, 0x6e, 0x70, 0x75, 0x74, 0x20, 0x74, 0x79, 0x70, 0x65, 0x3d, 0x22, 0x63, 0x68
.byte 0x65, 0x63, 0x6b, 0x62, 0x6f, 0x78, 0x22, 0x20, 0x69, 0x64, 0x3d, 0x22, 0x72, 0x65, 0x6c, 0x61
.byte 0x79, 0x31, 0x54, 0x6f, 0x67, 0x67, 0x6c, 0x65, 0x22, 0x20, 0x63, 0x6c, 0x61, 0x73, 0x73, 0x3d
.byte 0x22, 0x73, 0x72, 0x2d, 0x6f, 0x6e, 0x6c, 0x79, 0x20, 0x70, 0x65, 0x65, 0x72, 0x22, 0x20, 0x6f
.byte 0x6e, 0x63, 0x68, 0x61, 0x6e, 0x67, 0x65, 0x3d, 0x22, 0x41, 0x50, 0x49, 0x2e, 0x63, 0x6f, 0x6e
.byte 0x74, 0x72, 0x6f, 0x6c, 0x44, 0x65, 0x76, 0x69, 0x63, 0x65, 0x28, 0x27, 0x72, 0x65, 0x6c, 0x61
.byte 0x79, 0x31, 0x27, 0x2c, 0x20, 0x74, 0x68, 0x69, 0x73, 0x2e, 0x63, 0x68, 0x65, 0x63, 0x6b, 0x65
.byte 0x64, 0x29, 0x22, 0x3e, 0x0a, 0x20, 0x20, 0x20, 0x20, 0x20, 0x20, 0x20, 0x20, 0x20, 0x20, 0x20
.byte 0x20, 0x20, 0x20, 0x20, 0x20, 0x20, 0x20, 0x20, 0x20, 0x20, 0x20, 0x20, 0x20, 0x20, 0x20, 0x20
.byte 0x20, 0x3c, 0x64, 0x69, 0x76, 0x20, 0x63, 0x6c, 0x61, 0x73, 0x73, 0x3d, 0x22, 0x77, 0x2d, 0x31
.byte 0x31, 0x20, 0x68, 0x2d, 0x36, 0x20, 0x62, 0x67, 0x2d, 0x73, 0x6c, 0x61, 0x74, 0x65, 0x2d, 0x37
.byte 0x30, 0x30, 0x20, 0x70, 0x65, 0x65, 0x72, 0x2d, 0x66, 0x6f, 0x63, 0x75, 0x73, 0x3a, 0x6f, 0x75
.byte 0x74, 0x6c, 0x69, 0x6e, 0x65, 0x2d, 0x6e, 0x6f, 0x6e, 0x65, 0x20, 0x72, 0x6f, 0x75, 0x6e, 0x64
.byte 0x65, 0x64, 0x2d, 0x66, 0x75, 0x6c, 0x6c, 0x20, 0x70, 0x65, 0x65, 0x72, 0x20, 0x70, 0x65, 0x65
.byte 0x72, 0x2d, 0x63, 0x68, 0x65, 0x63, 0x6b, 0x65, 0x64, 0x3a, 0x61, 0x66, 0x74, 0x65, 0x72, 0x3a
.byte 0x74, 0x72, 0x61, 0x6e, 0x73, 0x6c, 0x61, 0x74, 0x65, 0x2d, 0x78, 0x2d, 0x66, 0x75, 0x6c, 0x6c
.byte 0x20, 0x70, 0x65, 0x65, 0x72, 0x2d, 0x63, 0x68, 0x65, 0x63, 0x6b, 0x65, 0x64, 0x3a, 0x61, 0x66
.byte 0x74, 0x65, 0x72, 0x3a, 0x62, 0x6f, 0x72, 0x64, 0x65, 0x72, 0x2d, 0x77, 0x68, 0x69, 0x74, 0x65
.byte 0x20, 0x61, 0x66, 0x74, 0x65, 0x72, 0x3a, 0x63, 0x6f, 0x6e, 0x74, 0x65, 0x6e, 0x74, 0x2d, 0x5b
.byte 0x27, 0x27, 0x5d, 0x20, 0x61, 0x66, 0x74, 0x65, 0x72, 0x3a, 0x61, 0x62, 0x73, 0x6f, 0x6c, 0x75
.byte 0x74, 0x65, 0x20, 0x61, 0x66, 0x74, 0x65, 0x72, 0x3a, 0x74, 0x6f, 0x70, 0x2d, 0x5b, 0x32, 0x70
.byte 0x78, 0x5d, 0x20, 0x61, 0x66, 0x74, 0x65, 0x72, 0x3a, 0x6c, 0x65, 0x66, 0x74, 0x2d, 0x5b, 0x32
.byte 0x70, 0x78, 0x5d, 0x20, 0x61, 0x66, 0x74, 0x65, 0x72, 0x3a, 0x62, 0x67, 0x2d, 0x77, 0x68, 0x69
.byte 0x74, 0x65, 0x20, 0x61, 0x66, 0x74, 0x65, 0x72, 0x3a, 0x62, 0x6f, 0x72, 0x64, 0x65, 0x72, 0x2d
.byte 0x67, 0x72, 0x61, 0x79, 0x2d, 0x33, 0x30, 0x30, 0x20, 0x61, 0x66, 0x74, 0x65, 0x72, 0x3a, 0x62
.byte 0x6f, 0x72, 0x64, 0x65, 0x72, 0x20, 0x61, 0x66, 0x74, 0x65, 0x72, 0x3a, 0x72, 0x6f, 0x75, 0x6e
.byte 0x64, 0x65, 0x64, 0x2d, 0x66, 0x75, 0x6c, 0x6c, 0x20, 0x61, 0x66, 0x74, 0x65, 0x72, 0x3a, 0x68
.byte 0x2d, 0x35, 0x20, 0x61, 0x66, 0x74, 0x65, 0x72, 0x3a, 0x77, 0x2d, 0x35, 0x20, 0x61, 0x66, 0x74
.byte 0x65, 0x72, 0x3a, 0x74, 0x72, 0x61, 0x6e, 0x73, 0x69, 0x74, 0x69, 0x6f, 0x6e, 0x2d, 0x61, 0x6c
.byte 0x6c, 0x20, 0x70, 0x65, 0x65, 0x72, 0x2d, 0x63, 0x68, 0x65, 0x63, 0x6b, 0x65, 0x64, 0x3a, 0x62
.byte 0x67, 0x2d, 0x6c, 0x69, 0x6d, 0x65, 0x2d, 0x35, 0x30, 0x30, 0x22, 0x3e, 0x3c, 0x2f, 0x64, 0x69
.byte 0x76, 0x3e, 0x0a, 0x20, 0x20, 0x20, 0x20, 0x20, 0x20, 0x20, 0x20, 0x20, 0x20, 0x20, 0x20, 0x20
.byte 0x20, 0x20, 0x20, 0x20, 0x20, 0x20, 0x20, 0x20, 0x20, 0x20, 0x20, 0x3c, 0x2f, 0x6c, 0x61, 0x62
.byte 0x65, 0x6c, 0x3e, 0x0a, 0x20, 0x20, 0x20, 0x20, 0x20, 0x20, 0x20, 0x20, 0x20, 0x20, 0x20, 0x20
.byte 0x20, 0x20, 0x20, 0x20, 0x20, 0x20, 0x20, 0x20, 0x3c, 0x2f, 0x64, 0x69, 0x76, 0x3e, 0x0a, 0x0a
.byte 0x20, 0x20, 0x20, 0x20, 0x20, 0x20, 0x20, 0x20, 0x20, 0x20, 0x20, 0x20, 0x20, 0x20, 0x20, 0x20
.byte 0x20, 0x20, 0x20, 0x20, 0x3c, 0x21, 0x2d, 0x2d, 0x20, 0x52, 0x65, 0x6c, 0x61, 0x79, 0x20, 0x32
.byte 0x20, 0x53, 0x77, 0x69, 0x74, 0x63, 0x68, 0x20, 0x28, 0x47, 0x72, 0x6f, 0x77, 0x74, 0x68, 0x20
.byte 0x4c, 0x69, 0x67, 0x68, 0x74, 0x20, 0x2f, 0x20, 0x4c, 0x45, 0x44, 0x29, 0x20, 0x2d, 0x2d, 0x3e
.byte 0x0a, 0x20, 0x20, 0x20, 0x20, 0x20, 0x20, 0x20, 0x20, 0x20, 0x20, 0x20, 0x20, 0x20, 0x20, 0x20
.byte 0x20, 0x20, 0x20, 0x20, 0x20, 0x3c, 0x64, 0x69, 0x76, 0x20, 0x63, 0x6c, 0x61, 0x73, 0x73, 0x3d
.byte 0x22, 0x67, 0x6c, 0x61, 0x73, 0x73, 0x2d, 0x70, 0x69, 0x6c, 0x6c, 0x20, 0x72, 0x6f, 0x75, 0x6e
.byte 0x64, 0x65, 0x64, 0x2d, 0x78, 0x6c, 0x20, 0x70, 0x2d, 0x33, 0x20, 0x6d, 0x62, 0x2d, 0x33, 0x20
.byte 0x66, 0x6c, 0x65, 0x78, 0x20, 0x69, 0x74, 0x65, 0x6d, 0x73, 0x2d, 0x63, 0x65, 0x6e, 0x74, 0x65
.byte 0x72, 0x20, 0x6a, 0x75, 0x73, 0x74, 0x69, 0x66, 0x79, 0x2d, 0x62, 0x65, 0x74, 0x77, 0x65, 0x65
.byte 0x6e, 0x22, 0x3e, 0x0a, 0x20, 0x20, 0x20, 0x20, 0x20, 0x20, 0x20, 0x20, 0x20, 0x20, 0x20, 0x20
.byte 0x20, 0x20, 0x20, 0x20, 0x20, 0x20, 0x20, 0x20, 0x20, 0x20, 0x20, 0x20, 0x3c, 0x64, 0x69, 0x76
.byte 0x20, 0x63, 0x6c, 0x61, 0x73, 0x73, 0x3d, 0x22, 0x66, 0x6c, 0x65, 0x78, 0x20, 0x69, 0x74, 0x65
.byte 0x6d, 0x73, 0x2d, 0x63, 0x65, 0x6e, 0x74, 0x65, 0x72, 0x20, 0x67, 0x61, 0x70, 0x2d, 0x33, 0x22
.byte 0x3e, 0x0a, 0x20, 0x20, 0x20, 0x20, 0x20, 0x20, 0x20, 0x20, 0x20, 0x20, 0x20, 0x20, 0x20, 0x20
.byte 0x20, 0x20, 0x20, 0x20, 0x20, 0x20, 0x20, 0x20, 0x20, 0x20, 0x20, 0x20, 0x20, 0x20, 0x3c, 0x64
.byte 0x69, 0x76, 0x20, 0x63, 0x6c, 0x61, 0x73, 0x73, 0x3d, 0x22, 0x77, 0x2d, 0x39, 0x20, 0x68, 0x2d
.byte 0x39, 0x20, 0x72, 0x6f, 0x75, 0x6e, 0x64, 0x65, 0x64, 0x2d, 0x6c, 0x67, 0x20, 0x62, 0x67, 0x2d
.byte 0x61, 0x6d, 0x62, 0x65, 0x72, 0x2d, 0x35, 0x30, 0x30, 0x2f, 0x32, 0x30, 0x20, 0x74, 0x65, 0x78
.byte 0x74, 0x2d, 0x61, 0x6d, 0x62, 0x65, 0x72, 0x2d, 0x34, 0x30, 0x30, 0x20, 0x66, 0x6c, 0x65, 0x78
.byte 0x20, 0x69, 0x74, 0x65, 0x6d, 0x73, 0x2d, 0x63, 0x65, 0x6e, 0x74, 0x65, 0x72, 0x20, 0x6a, 0x75
.byte 0x73, 0x74, 0x69, 0x66, 0x79, 0x2d, 0x63, 0x65, 0x6e, 0x74, 0x65, 0x72, 0x20, 0x62, 0x6f, 0x72
.byte 0x64, 0x65, 0x72, 0x20, 0x62, 0x6f, 0x72, 0x64, 0x65, 0x72, 0x2d, 0x61, 0x6d, 0x62, 0x65, 0x72
.byte 0x2d, 0x35, 0x30, 0x30, 0x2f, 0x33, 0x30, 0x22, 0x3e, 0x0a, 0x20, 0x20, 0x20, 0x20, 0x20, 0x20
.byte 0x20, 0x20, 0x20, 0x20, 0x20, 0x20, 0x20, 0x20, 0x20, 0x20, 0x20, 0x20, 0x20, 0x20, 0x20, 0x20
.byte 0x20, 0x20, 0x20, 0x20, 0x20, 0x20, 0x20, 0x20, 0x20, 0x20, 0x3c, 0x69, 0x20, 0x63, 0x6c, 0x61
.byte 0x73, 0x73, 0x3d, 0x22, 0x66, 0x61, 0x2d, 0x73, 0x6f, 0x6c, 0x69, 0x64, 0x20, 0x66, 0x61, 0x2d
.byte 0x6c, 0x69, 0x67, 0x68, 0x74, 0x62, 0x75, 0x6c, 0x62, 0x22, 0x3e, 0x3c, 0x2f, 0x69, 0x3e, 0x0a
.byte 0x20, 0x20, 0x20, 0x20, 0x20, 0x20, 0x20, 0x20, 0x20, 0x20, 0x20, 0x20, 0x20, 0x20, 0x20, 0x20
.byte 0x20, 0x20, 0x20, 0x20, 0x20, 0x20, 0x20, 0x20, 0x20, 0x20, 0x20, 0x20, 0x3c, 0x2f, 0x64, 0x69
.byte 0x76, 0x3e, 0x0a, 0x20, 0x20, 0x20, 0x20, 0x20, 0x20, 0x20, 0x20, 0x20, 0x20, 0x20, 0x20, 0x20
.byte 0x20, 0x20, 0x20, 0x20, 0x20, 0x20, 0x20, 0x20, 0x20, 0x20, 0x20, 0x20, 0x20, 0x20, 0x20, 0x3c
.byte 0x64, 0x69, 0x76, 0x3e, 0x0a, 0x20, 0x20, 0x20, 0x20, 0x20, 0x20, 0x20, 0x20, 0x20, 0x20, 0x20
.byte 0x20, 0x20, 0x20, 0x20, 0x20, 0x20, 0x20, 0x20, 0x20, 0x20, 0x20, 0x20, 0x20, 0x20, 0x20, 0x20
.byte 0x20, 0x20, 0x20, 0x20, 0x20, 0x3c, 0x70, 0x20, 0x63, 0x6c, 0x61, 0x73, 0x73, 0x3d, 0x22, 0x74
.byte 0x65, 0x78, 0x74, 0x2d, 0x73, 0x6d, 0x20, 0x66, 0x6f, 0x6e, 0x74, 0x2d, 0x73, 0x65, 0x6d, 0x69
.byte 0x62, 0x6f, 0x6c, 0x64, 0x20, 0x74, 0x65, 0x78, 0x74, 0x2d, 0x77, 0x68, 0x69, 0x74, 0x65, 0x22
.byte 0x3e, 0x47, 0x72, 0x6f, 0x77, 0x74, 0x68, 0x20, 0x4c, 0x69, 0x67, 0x68, 0x74, 0x20, 0x4c, 0x45
.byte 0x44, 0x3c, 0x2f, 0x70, 0x3e, 0x0a, 0x20, 0x20, 0x20, 0x20, 0x20, 0x20, 0x20, 0x20, 0x20, 0x20
.byte 0x20, 0x20, 0x20, 0x20, 0x20, 0x20, 0x20, 0x20, 0x20, 0x20, 0x20, 0x20, 0x20, 0x20, 0x20, 0x20
.byte 0x20, 0x20, 0x20, 0x20, 0x20, 0x20, 0x3c, 0x70, 0x20, 0x63, 0x6c, 0x61, 0x73, 0x73, 0x3d, 0x22
.byte 0x74, 0x65, 0x78, 0x74, 0x2d, 0x78, 0x73, 0x20, 0x74, 0x65, 0x78, 0x74, 0x2d, 0x73, 0x6c, 0x61
.byte 0x74, 0x65, 0x2d, 0x34, 0x30, 0x30, 0x22, 0x20, 0x69, 0x64, 0x3d, 0x22, 0x72, 0x65, 0x6c, 0x61
.byte 0x79, 0x32, 0x54, 0x65, 0x78, 0x74, 0x22, 0x3e, 0x53, 0x74, 0x61, 0x74, 0x75, 0x73, 0x3a, 0x20
.byte 0x4f, 0x46, 0x46, 0x3c, 0x2f, 0x70, 0x3e, 0x0a, 0x20, 0x20, 0x20, 0x20, 0x20, 0x20, 0x20, 0x20
.byte 0x20, 0x20, 0x20, 0x20, 0x20, 0x20, 0x20, 0x20, 0x20, 0x20, 0x20, 0x20, 0x20, 0x20, 0x20, 0x20
.byte 0x20, 0x20, 0x20, 0x20, 0x3c, 0x2f, 0x64, 0x69, 0x76, 0x3e, 0x0a, 0x20, 0x20, 0x20, 0x20, 0x20
.byte 0x20, 0x20, 0x20, 0x20, 0x20, 0x20, 0x20, 0x20, 0x20, 0x20, 0x20, 0x20, 0x20, 0x20, 0x20, 0x20
.byte 0x20, 0x20, 0x20, 0x3c, 0x2f, 0x64, 0x69, 0x76, 0x3e, 0x0a, 0x20, 0x20, 0x20, 0x20, 0x20, 0x20
.byte 0x20, 0x20, 0x20, 0x20, 0x20, 0x20, 0x20, 0x20, 0x20, 0x20, 0x20, 0x20, 0x20, 0x20, 0x20, 0x20
.byte 0x20, 0x20, 0x3c, 0x6c, 0x61, 0x62, 0x65, 0x6c, 0x20, 0x63, 0x6c, 0x61, 0x73, 0x73, 0x3d, 0x22
.byte 0x72, 0x65, 0x6c, 0x61, 0x74, 0x69, 0x76, 0x65, 0x20, 0x69, 0x6e, 0x6c, 0x69, 0x6e, 0x65, 0x2d
.byte 0x66, 0x6c, 0x65, 0x78, 0x20, 0x69, 0x74, 0x65, 0x6d, 0x73, 0x2d, 0x63, 0x65, 0x6e, 0x74, 0x65
.byte 0x72, 0x20, 0x63, 0x75, 0x72, 0x73, 0x6f, 0x72, 0x2d, 0x70, 0x6f, 0x69, 0x6e, 0x74, 0x65, 0x72
.byte 0x22, 0x3e, 0x0a, 0x20, 0x20, 0x20, 0x20, 0x20, 0x20, 0x20, 0x20, 0x20, 0x20, 0x20, 0x20, 0x20
.byte 0x20, 0x20, 0x20, 0x20, 0x20, 0x20, 0x20, 0x20, 0x20, 0x20, 0x20, 0x20, 0x20, 0x20, 0x20, 0x3c
.byte 0x69, 0x6e, 0x70, 0x75, 0x74, 0x20, 0x74, 0x79, 0x70, 0x65, 0x3d, 0x22, 0x63, 0x68, 0x65, 0x63
.byte 0x6b, 0x62, 0x6f, 0x78, 0x22, 0x20, 0x69, 0x64, 0x3d, 0x22, 0x72, 0x65, 0x6c, 0x61, 0x79, 0x32
.byte 0x54, 0x6f, 0x67, 0x67, 0x6c, 0x65, 0x22, 0x20, 0x63, 0x6c, 0x61, 0x73, 0x73, 0x3d, 0x22, 0x73
.byte 0x72, 0x2d, 0x6f, 0x6e, 0x6c, 0x79, 0x20, 0x70, 0x65, 0x65, 0x72, 0x22, 0x20, 0x6f, 0x6e, 0x63
.byte 0x68, 0x61, 0x6e, 0x67, 0x65, 0x3d, 0x22, 0x41, 0x50, 0x49, 0x2e, 0x63, 0x6f, 0x6e, 0x74, 0x72
.byte 0x6f, 0x6c, 0x44, 0x65, 0x76, 0x69, 0x63, 0x65, 0x28, 0x27, 0x72, 0x65, 0x6c, 0x61, 0x79, 0x32
.byte 0x27, 0x2c, 0x20, 0x74, 0x68, 0x69, 0x73, 0x2e, 0x63, 0x68, 0x65, 0x63, 0x6b, 0x65, 0x64, 0x29
.byte 0x22, 0x3e, 0x0a, 0x20, 0x20, 0x20, 0x20, 0x20, 0x20, 0x20, 0x20, 0x20, 0x20, 0x20, 0x20, 0x20
.byte 0x20, 0x20, 0x20, 0x20, 0x20, 0x20, 0x20, 0x20, 0x20, 0x20, 0x20, 0x20, 0x20, 0x20, 0x20, 0x3c
.byte 0x64, 0x69, 0x76, 0x20, 0x63, 0x6c, 0x61, 0x73, 0x73, 0x3d, 0x22, 0x77, 0x2d, 0x31, 0x31, 0x20
.byte 0x68, 0x2d, 0x36, 0x20, 0x62, 0x67, 0x2d, 0x73, 0x6c, 0x61, 0x74, 0x65, 0x2d, 0x37, 0x30, 0x30
.byte 0x20, 0x70, 0x65, 0x65, 0x72, 0x2d, 0x66, 0x6f, 0x63, 0x75, 0x73, 0x3a, 0x6f, 0x75, 0x74, 0x6c
.byte 0x69, 0x6e, 0x65, 0x2d, 0x6e, 0x6f, 0x6e, 0x65, 0x20, 0x72, 0x6f, 0x75, 0x6e, 0x64, 0x65, 0x64
.byte 0x2d, 0x66, 0x75, 0x6c, 0x6c, 0x20, 0x70, 0x65, 0x65, 0x72, 0x20, 0x70, 0x65, 0x65, 0x72, 0x2d
.byte 0x63, 0x68, 0x65, 0x63, 0x6b, 0x65, 0x64, 0x3a, 0x61, 0x66, 0x74, 0x65, 0x72, 0x3a, 0x74, 0x72
.byte 0x61, 0x6e, 0x73, 0x6c, 0x61, 0x74, 0x65, 0x2d, 0x78, 0x2d, 0x66, 0x75, 0x6c, 0x6c, 0x20, 0x70
.byte 0x65, 0x65, 0x72, 0x2d, 0x63, 0x68, 0x65, 0x63, 0x6b, 0x65, 0x64, 0x3a, 0x61, 0x66, 0x74, 0x65
.byte 0x72, 0x3a, 0x62, 0x6f, 0x72, 0x64, 0x65, 0x72, 0x2d, 0x77, 0x68, 0x69, 0x74, 0x65, 0x20, 0x61
.byte 0x66, 0x74, 0x65, 0x72, 0x3a, 0x63, 0x6f, 0x6e, 0x74, 0x65, 0x6e, 0x74, 0x2d, 0x5b, 0x27, 0x27
.byte 0x5d, 0x20, 0x61, 0x66, 0x74, 0x65, 0x72, 0x3a, 0x61, 0x62, 0x73, 0x6f, 0x6c, 0x75, 0x74, 0x65
.byte 0x20, 0x61, 0x66, 0x74, 0x65, 0x72, 0x3a, 0x74, 0x6f, 0x70, 0x2d, 0x5b, 0x32, 0x70, 0x78, 0x5d
.byte 0x20, 0x61, 0x66, 0x74, 0x65, 0x72, 0x3a, 0x6c, 0x65, 0x66, 0x74, 0x2d, 0x5b, 0x32, 0x70, 0x78
.byte 0x5d, 0x20, 0x61, 0x66, 0x74, 0x65, 0x72, 0x3a, 0x62, 0x67, 0x2d, 0x77, 0x68, 0x69, 0x74, 0x65
.byte 0x20, 0x61, 0x66, 0x74, 0x65, 0x72, 0x3a, 0x62, 0x6f, 0x72, 0x64, 0x65, 0x72, 0x2d, 0x67, 0x72
.byte 0x61, 0x79, 0x2d, 0x33, 0x30, 0x30, 0x20, 0x61, 0x66, 0x74, 0x65, 0x72, 0x3a, 0x62, 0x6f, 0x72
.byte 0x64, 0x65, 0x72, 0x20, 0x61, 0x66, 0x74, 0x65, 0x72, 0x3a, 0x72, 0x6f, 0x75, 0x6e, 0x64, 0x65
.byte 0x64, 0x2d, 0x66, 0x75, 0x6c, 0x6c, 0x20, 0x61, 0x66, 0x74, 0x65, 0x72, 0x3a, 0x68, 0x2d, 0x35
.byte 0x20, 0x61, 0x66, 0x74, 0x65, 0x72, 0x3a, 0x77, 0x2d, 0x35, 0x20, 0x61, 0x66, 0x74, 0x65, 0x72
.byte 0x3a, 0x74, 0x72, 0x61, 0x6e, 0x73, 0x69, 0x74, 0x69, 0x6f, 0x6e, 0x2d, 0x61, 0x6c, 0x6c, 0x20
.byte 0x70, 0x65, 0x65, 0x72, 0x2d, 0x63, 0x68, 0x65, 0x63, 0x6b, 0x65, 0x64, 0x3a, 0x62, 0x67, 0x2d
.byte 0x6c, 0x69, 0x6d, 0x65, 0x2d, 0x35, 0x30, 0x30, 0x22, 0x3e, 0x3c, 0x2f, 0x64, 0x69, 0x76, 0x3e
.byte 0x0a, 0x20, 0x20, 0x20, 0x20, 0x20, 0x20, 0x20, 0x20, 0x20, 0x20, 0x20, 0x20, 0x20, 0x20, 0x20
.byte 0x20, 0x20, 0x20, 0x20, 0x20, 0x20, 0x20, 0x20, 0x20, 0x3c, 0x2f, 0x6c, 0x61, 0x62, 0x65, 0x6c
.byte 0x3e, 0x0a, 0x20, 0x20, 0x20, 0x20, 0x20, 0x20, 0x20, 0x20, 0x20, 0x20, 0x20, 0x20, 0x20, 0x20
.byte 0x20, 0x20, 0x20, 0x20, 0x20, 0x20, 0x3c, 0x2f, 0x64, 0x69, 0x76, 0x3e, 0x0a, 0x0a, 0x20, 0x20
.byte 0x20, 0x20, 0x20, 0x20, 0x20, 0x20, 0x20, 0x20, 0x20, 0x20, 0x20, 0x20, 0x20, 0x20, 0x20, 0x20
.byte 0x20, 0x20, 0x3c, 0x21, 0x2d, 0x2d, 0x20, 0x50, 0x57, 0x4d, 0x20, 0x44, 0x69, 0x6d, 0x6d, 0x65
.byte 0x72, 0x20, 0x53, 0x6c, 0x69, 0x64, 0x65, 0x72, 0x20, 0x28, 0x46, 0x61, 0x6e, 0x20, 0x53, 0x70
.byte 0x65, 0x65, 0x64, 0x20, 0x2f, 0x20, 0x4c, 0x69, 0x67, 0x68, 0x74, 0x20, 0x42, 0x72, 0x69, 0x67
.byte 0x68, 0x74, 0x6e, 0x65, 0x73, 0x73, 0x29, 0x20, 0x2d, 0x2d, 0x3e, 0x0a, 0x20, 0x20, 0x20, 0x20
.byte 0x20, 0x20, 0x20, 0x20, 0x20, 0x20, 0x20, 0x20, 0x20, 0x20, 0x20, 0x20, 0x20, 0x20, 0x20, 0x20
.byte 0x3c, 0x64, 0x69, 0x76, 0x20, 0x63, 0x6c, 0x61, 0x73, 0x73, 0x3d, 0x22, 0x67, 0x6c, 0x61, 0x73
.byte 0x73, 0x2d, 0x70, 0x69, 0x6c, 0x6c, 0x20, 0x72, 0x6f, 0x75, 0x6e, 0x64, 0x65, 0x64, 0x2d, 0x78
.byte 0x6c, 0x20, 0x70, 0x2d, 0x33, 0x22, 0x3e, 0x0a, 0x20, 0x20, 0x20, 0x20, 0x20, 0x20, 0x20, 0x20
.byte 0x20, 0x20, 0x20, 0x20, 0x20, 0x20, 0x20, 0x20, 0x20, 0x20, 0x20, 0x20, 0x20, 0x20, 0x20, 0x20
.byte 0x3c, 0x64, 0x69, 0x76, 0x20, 0x63, 0x6c, 0x61, 0x73, 0x73, 0x3d, 0x22, 0x66, 0x6c, 0x65, 0x78
.byte 0x20, 0x69, 0x74, 0x65, 0x6d, 0x73, 0x2d, 0x63, 0x65, 0x6e, 0x74, 0x65, 0x72, 0x20, 0x6a, 0x75
.byte 0x73, 0x74, 0x69, 0x66, 0x79, 0x2d, 0x62, 0x65, 0x74, 0x77, 0x65, 0x65, 0x6e, 0x20, 0x6d, 0x62
.byte 0x2d, 0x32, 0x22, 0x3e, 0x0a, 0x20, 0x20, 0x20, 0x20, 0x20, 0x20, 0x20, 0x20, 0x20, 0x20, 0x20
.byte 0x20, 0x20, 0x20, 0x20, 0x20, 0x20, 0x20, 0x20, 0x20, 0x20, 0x20, 0x20, 0x20, 0x20, 0x20, 0x20
.byte 0x20, 0x3c, 0x73, 0x70, 0x61, 0x6e, 0x20, 0x63, 0x6c, 0x61, 0x73, 0x73, 0x3d, 0x22, 0x74, 0x65
.byte 0x78, 0x74, 0x2d, 0x78, 0x73, 0x20, 0x66, 0x6f, 0x6e, 0x74, 0x2d, 0x73, 0x65, 0x6d, 0x69, 0x62
.byte 0x6f, 0x6c, 0x64, 0x20, 0x74, 0x65, 0x78, 0x74, 0x2d, 0x73, 0x6c, 0x61, 0x74, 0x65, 0x2d, 0x33
.byte 0x30, 0x30, 0x20, 0x66, 0x6c, 0x65, 0x78, 0x20, 0x69, 0x74, 0x65, 0x6d, 0x73, 0x2d, 0x63, 0x65
.byte 0x6e, 0x74, 0x65, 0x72, 0x20, 0x67, 0x61, 0x70, 0x2d, 0x32, 0x22, 0x3e, 0x0a, 0x20, 0x20, 0x20
.byte 0x20, 0x20, 0x20, 0x20, 0x20, 0x20, 0x20, 0x20, 0x20, 0x20, 0x20, 0x20, 0x20, 0x20, 0x20, 0x20
.byte 0x20, 0x20, 0x20, 0x20, 0x20, 0x20, 0x20, 0x20, 0x20, 0x20, 0x20, 0x20, 0x20, 0x3c, 0x69, 0x20
.byte 0x63, 0x6c, 0x61, 0x73, 0x73, 0x3d, 0x22, 0x66, 0x61, 0x2d, 0x73, 0x6f, 0x6c, 0x69, 0x64, 0x20
.byte 0x66, 0x61, 0x2d, 0x66, 0x61, 0x6e, 0x20, 0x74, 0x65, 0x78, 0x74, 0x2d, 0x65, 0x6d, 0x65, 0x72
.byte 0x61, 0x6c, 0x64, 0x2d, 0x34, 0x30, 0x30, 0x22, 0x3e, 0x3c, 0x2f, 0x69, 0x3e, 0x20, 0x46, 0x61
.byte 0x6e, 0x20, 0x53, 0x70, 0x65, 0x65, 0x64, 0x20, 0x28, 0x50, 0x57, 0x4d, 0x29, 0x0a, 0x20, 0x20
.byte 0x20, 0x20, 0x20, 0x20, 0x20, 0x20, 0x20, 0x20, 0x20, 0x20, 0x20, 0x20, 0x20, 0x20, 0x20, 0x20
.byte 0x20, 0x20, 0x20, 0x20, 0x20, 0x20, 0x20, 0x20, 0x20, 0x20, 0x3c, 0x2f, 0x73, 0x70, 0x61, 0x6e
.byte 0x3e, 0x0a, 0x20, 0x20, 0x20, 0x20, 0x20, 0x20, 0x20, 0x20, 0x20, 0x20, 0x20, 0x20, 0x20, 0x20
.byte 0x20, 0x20, 0x20, 0x20, 0x20, 0x20, 0x20, 0x20, 0x20, 0x20, 0x20, 0x20, 0x20, 0x20, 0x3c, 0x73
.byte 0x70, 0x61, 0x6e, 0x20, 0x63, 0x6c, 0x61, 0x73, 0x73, 0x3d, 0x22, 0x74, 0x65, 0x78, 0x74, 0x2d
.byte 0x78, 0x73, 0x20, 0x66, 0x6f, 0x6e, 0x74, 0x2d, 0x62, 0x6f, 0x6c, 0x64, 0x20, 0x74, 0x65, 0x78
.byte 0x74, 0x2d, 0x6c, 0x69, 0x6d, 0x65, 0x2d, 0x34, 0x30, 0x30, 0x22, 0x20, 0x69, 0x64, 0x3d, 0x22
.byte 0x70, 0x77, 0x6d, 0x56, 0x61, 0x6c, 0x22, 0x3e, 0x37, 0x35, 0x25, 0x3c, 0x2f, 0x73, 0x70, 0x61
.byte 0x6e, 0x3e, 0x0a, 0x20, 0x20, 0x20, 0x20, 0x20, 0x20, 0x20, 0x20, 0x20, 0x20, 0x20, 0x20, 0x20
.byte 0x20, 0x20, 0x20, 0x20, 0x20, 0x20, 0x20, 0x20, 0x20, 0x20, 0x20, 0x3c, 0x2f, 0x64, 0x69, 0x76
.byte 0x3e, 0x0a, 0x20, 0x20, 0x20, 0x20, 0x20, 0x20, 0x20, 0x20, 0x20, 0x20, 0x20, 0x20, 0x20, 0x20
.byte 0x20, 0x20, 0x20, 0x20, 0x20, 0x20, 0x20, 0x20, 0x20, 0x20, 0x3c, 0x69, 0x6e, 0x70, 0x75, 0x74
.byte 0x20, 0x74, 0x79, 0x70, 0x65, 0x3d, 0x22, 0x72, 0x61, 0x6e, 0x67, 0x65, 0x22, 0x20, 0x69, 0x64
.byte 0x3d, 0x22, 0x70, 0x77, 0x6d, 0x53, 0x6c, 0x69, 0x64, 0x65, 0x72, 0x22, 0x20, 0x6d, 0x69, 0x6e
.byte 0x3d, 0x22, 0x30, 0x22, 0x20, 0x6d, 0x61, 0x78, 0x3d, 0x22, 0x31, 0x30, 0x30, 0x22, 0x20, 0x76
.byte 0x61, 0x6c, 0x75, 0x65, 0x3d, 0x22, 0x37, 0x35, 0x22, 0x20, 0x63, 0x6c, 0x61, 0x73, 0x73, 0x3d
.byte 0x22, 0x77, 0x2d, 0x66, 0x75, 0x6c, 0x6c, 0x20, 0x68, 0x2d, 0x31, 0x2e, 0x35, 0x20, 0x62, 0x67
.byte 0x2d, 0x73, 0x6c, 0x61, 0x74, 0x65, 0x2d, 0x37, 0x30, 0x30, 0x20, 0x72, 0x6f, 0x75, 0x6e, 0x64
.byte 0x65, 0x64, 0x2d, 0x6c, 0x67, 0x20, 0x61, 0x70, 0x70, 0x65, 0x61, 0x72, 0x61, 0x6e, 0x63, 0x65
.byte 0x2d, 0x6e, 0x6f, 0x6e, 0x65, 0x20, 0x63, 0x75, 0x72, 0x73, 0x6f, 0x72, 0x2d, 0x70, 0x6f, 0x69
.byte 0x6e, 0x74, 0x65, 0x72, 0x20, 0x61, 0x63, 0x63, 0x65, 0x6e, 0x74, 0x2d, 0x6c, 0x69, 0x6d, 0x65
.byte 0x2d, 0x34, 0x30, 0x30, 0x22, 0x20, 0x6f, 0x6e, 0x63, 0x68, 0x61, 0x6e, 0x67, 0x65, 0x3d, 0x22
.byte 0x41, 0x50, 0x49, 0x2e, 0x73, 0x65, 0x74, 0x46, 0x61, 0x6e, 0x53, 0x70, 0x65, 0x65, 0x64, 0x28
.byte 0x74, 0x68, 0x69, 0x73, 0x2e, 0x76, 0x61, 0x6c, 0x75, 0x65, 0x29, 0x22, 0x3e, 0x0a, 0x20, 0x20
.byte 0x20, 0x20, 0x20, 0x20, 0x20, 0x20, 0x20, 0x20, 0x20, 0x20, 0x20, 0x20, 0x20, 0x20, 0x20, 0x20
.byte 0x20, 0x20, 0x3c, 0x2f, 0x64, 0x69, 0x76, 0x3e, 0x0a, 0x20, 0x20, 0x20, 0x20, 0x20, 0x20, 0x20
.byte 0x20, 0x20, 0x20, 0x20, 0x20, 0x20, 0x20, 0x20, 0x20, 0x3c, 0x2f, 0x64, 0x69, 0x76, 0x3e, 0x0a
.byte 0x0a, 0x20, 0x20, 0x20, 0x20, 0x20, 0x20, 0x20, 0x20, 0x20, 0x20, 0x20, 0x20, 0x20, 0x20, 0x20
.byte 0x20, 0x3c, 0x21, 0x2d, 0x2d, 0x20, 0x53, 0x79, 0x73, 0x74, 0x65, 0x6d, 0x20, 0x49, 0x6e, 0x66
.byte 0x6f, 0x20, 0x50, 0x69, 0x6c, 0x6c, 0x20, 0x2d, 0x2d, 0x3e, 0x0a, 0x20, 0x20, 0x20, 0x20, 0x20
.byte 0x20, 0x20, 0x20, 0x20, 0x20, 0x20, 0x20, 0x20, 0x20, 0x20, 0x20, 0x3c, 0x64, 0x69, 0x76, 0x20
.byte 0x63, 0x6c, 0x61, 0x73, 0x73, 0x3d, 0x22, 0x67, 0x6c, 0x61, 0x73, 0x73, 0x2d, 0x70, 0x69, 0x6c
.byte 0x6c, 0x20, 0x72, 0x6f, 0x75, 0x6e, 0x64, 0x65, 0x64, 0x2d, 0x78, 0x6c, 0x20, 0x70, 0x2d, 0x33
.byte 0x20, 0x74, 0x65, 0x78, 0x74, 0x2d, 0x78, 0x73, 0x20, 0x74, 0x65, 0x78, 0x74, 0x2d, 0x73, 0x6c
.byte 0x61, 0x74, 0x65, 0x2d, 0x34, 0x30, 0x30, 0x20, 0x66, 0x6c, 0x65, 0x78, 0x20, 0x6a, 0x75, 0x73
.byte 0x74, 0x69, 0x66, 0x79, 0x2d, 0x62, 0x65, 0x74, 0x77, 0x65, 0x65, 0x6e, 0x20, 0x69, 0x74, 0x65
.byte 0x6d, 0x73, 0x2d, 0x63, 0x65, 0x6e, 0x74, 0x65, 0x72, 0x22, 0x3e, 0x0a, 0x20, 0x20, 0x20, 0x20
.byte 0x20, 0x20, 0x20, 0x20, 0x20, 0x20, 0x20, 0x20, 0x20, 0x20, 0x20, 0x20, 0x20, 0x20, 0x20, 0x20
.byte 0x3c, 0x73, 0x70, 0x61, 0x6e, 0x3e, 0x3c, 0x69, 0x20, 0x63, 0x6c, 0x61, 0x73, 0x73, 0x3d, 0x22
.byte 0x66, 0x61, 0x2d, 0x73, 0x6f, 0x6c, 0x69, 0x64, 0x20, 0x66, 0x61, 0x2d, 0x6d, 0x69, 0x63, 0x72
.byte 0x6f, 0x63, 0x68, 0x69, 0x70, 0x20, 0x74, 0x65, 0x78, 0x74, 0x2d, 0x73, 0x6c, 0x61, 0x74, 0x65
.byte 0x2d, 0x35, 0x30, 0x30, 0x20, 0x6d, 0x72, 0x2d, 0x31, 0x22, 0x3e, 0x3c, 0x2f, 0x69, 0x3e, 0x20
.byte 0x45, 0x53, 0x50, 0x33, 0x32, 0x20, 0x46, 0x72, 0x65, 0x65, 0x20, 0x48, 0x65, 0x61, 0x70, 0x3a
.byte 0x3c, 0x2f, 0x73, 0x70, 0x61, 0x6e, 0x3e, 0x0a, 0x20, 0x20, 0x20, 0x20, 0x20, 0x20, 0x20, 0x20
.byte 0x20, 0x20, 0x20, 0x20, 0x20, 0x20, 0x20, 0x20, 0x20, 0x20, 0x20, 0x20, 0x3c, 0x73, 0x70, 0x61
.byte 0x6e, 0x20, 0x63, 0x6c, 0x61, 0x73, 0x73, 0x3d, 0x22, 0x66, 0x6f, 0x6e, 0x74, 0x2d, 0x6d, 0x6f
.byte 0x6e, 0x6f, 0x20, 0x74, 0x65, 0x78, 0x74, 0x2d, 0x65, 0x6d, 0x65, 0x72, 0x61, 0x6c, 0x64, 0x2d
.byte 0x34, 0x30, 0x30, 0x22, 0x20, 0x69, 0x64, 0x3d, 0x22, 0x68, 0x65, 0x61, 0x70, 0x54, 0x65, 0x78
.byte 0x74, 0x22, 0x3e, 0x31, 0x38, 0x34, 0x2c, 0x32, 0x34, 0x30, 0x20, 0x62, 0x79, 0x74, 0x65, 0x73
.byte 0x3c, 0x2f, 0x73, 0x70, 0x61, 0x6e, 0x3e, 0x0a, 0x20, 0x20, 0x20, 0x20, 0x20, 0x20, 0x20, 0x20
.byte 0x20, 0x20, 0x20, 0x20, 0x20, 0x20, 0x20, 0x20, 0x3c, 0x2f, 0x64, 0x69, 0x76, 0x3e, 0x0a, 0x20
.byte 0x20, 0x20, 0x20, 0x20, 0x20, 0x20, 0x20, 0x20, 0x20, 0x20, 0x20, 0x3c, 0x2f, 0x64, 0x69, 0x76
.byte 0x3e, 0x0a, 0x0a, 0x20, 0x20, 0x20, 0x20, 0x20, 0x20, 0x20, 0x20, 0x3c, 0x2f, 0x64, 0x69, 0x76
.byte 0x3e, 0x0a, 0x20, 0x20, 0x20, 0x20, 0x3c, 0x2f, 0x64, 0x69, 0x76, 0x3e, 0x0a, 0x0a, 0x20, 0x20
.byte 0x20, 0x20, 0x3c, 0x73, 0x63, 0x72, 0x69, 0x70, 0x74, 0x3e, 0x0a, 0x20, 0x20, 0x20, 0x20, 0x20
.byte 0x20, 0x20, 0x20, 0x2f, 0x2a, 0x2a, 0x0a, 0x20, 0x20, 0x20, 0x20, 0x20, 0x20, 0x20, 0x20, 0x20
.byte 0x2a, 0x20, 0x3d, 0x3d, 0x3d, 0x3d, 0x3d, 0x3d, 0x3d, 0x3d, 0x3d, 0x3d, 0x3d, 0x3d, 0x3d, 0x3d
.byte 0x3d, 0x3d, 0x3d, 0x3d, 0x3d, 0x3d, 0x3d, 0x3d, 0x3d, 0x3d, 0x3d, 0x3d, 0x3d, 0x3d, 0x3d, 0x3d
.byte 0x3d, 0x3d, 0x3d, 0x3d, 0x3d, 0x3d, 0x3d, 0x3d, 0x3d, 0x3d, 0x3d, 0x3d, 0x3d, 0x3d, 0x3d, 0x3d
.byte 0x3d, 0x3d, 0x3d, 0x3d, 0x3d, 0x3d, 0x3d, 0x3d, 0x3d, 0x3d, 0x3d, 0x3d, 0x3d, 0x3d, 0x3d, 0x3d
.byte 0x3d, 0x3d, 0x3d, 0x3d, 0x3d, 0x3d, 0x3d, 0x3d, 0x3d, 0x3d, 0x3d, 0x0a, 0x20, 0x20, 0x20, 0x20
.byte 0x20, 0x20, 0x20, 0x20, 0x20, 0x2a, 0x20, 0x20, 0x45, 0x53, 0x50, 0x2d, 0x49, 0x44, 0x46, 0x20
.byte 0x41, 0x50, 0x49, 0x20, 0x43, 0x4f, 0x4e, 0x46, 0x49, 0x47, 0x55, 0x52, 0x41, 0x54, 0x49, 0x4f
.byte 0x4e, 0x20, 0x26, 0x20, 0x45, 0x4e, 0x44, 0x50, 0x4f, 0x49, 0x4e, 0x54, 0x20, 0x44, 0x45, 0x46
.byte 0x49, 0x4e, 0x49, 0x54, 0x49, 0x4f, 0x4e, 0x53, 0x20, 0x28, 0x46, 0x45, 0x54, 0x43, 0x48, 0x20
.byte 0x4d, 0x41, 0x4e, 0x41, 0x47, 0x45, 0x52, 0x29, 0x0a, 0x20, 0x20, 0x20, 0x20, 0x20, 0x20, 0x20
.byte 0x20, 0x20, 0x2a, 0x20, 0x3d, 0x3d, 0x3d, 0x3d, 0x3d, 0x3d, 0x3d, 0x3d, 0x3d, 0x3d, 0x3d, 0x3d
.byte 0x3d, 0x3d, 0x3d, 0x3d, 0x3d, 0x3d, 0x3d, 0x3d, 0x3d, 0x3d, 0x3d, 0x3d, 0x3d, 0x3d, 0x3d, 0x3d
.byte 0x3d, 0x3d, 0x3d, 0x3d, 0x3d, 0x3d, 0x3d, 0x3d, 0x3d, 0x3d, 0x3d, 0x3d, 0x3d, 0x3d, 0x3d, 0x3d
.byte 0x3d, 0x3d, 0x3d, 0x3d, 0x3d, 0x3d, 0x3d, 0x3d, 0x3d, 0x3d, 0x3d, 0x3d, 0x3d, 0x3d, 0x3d, 0x3d
.byte 0x3d, 0x3d, 0x3d, 0x3d, 0x3d, 0x3d, 0x3d, 0x3d, 0x3d, 0x3d, 0x3d, 0x3d, 0x3d, 0x0a, 0x20, 0x20
.byte 0x20, 0x20, 0x20, 0x20, 0x20, 0x20, 0x20, 0x2a, 0x2f, 0x0a, 0x20, 0x20, 0x20, 0x20, 0x20, 0x20
.byte 0x20, 0x20, 0x63, 0x6f, 0x6e, 0x73, 0x74, 0x20, 0x41, 0x50, 0x49, 0x20, 0x3d, 0x20, 0x7b, 0x0a
.byte 0x20, 0x20, 0x20, 0x20, 0x20, 0x20, 0x20, 0x20, 0x20, 0x20, 0x20, 0x20, 0x2f, 0x2f, 0x20, 0x45
.byte 0x53, 0x50, 0x33, 0x32, 0x20, 0x42, 0x61, 0x73, 0x65, 0x20, 0x53, 0x65, 0x72, 0x76, 0x65, 0x72
.byte 0x20, 0x55, 0x52, 0x4c, 0x20, 0x28, 0x4c, 0x65, 0x61, 0x76, 0x65, 0x20, 0x65, 0x6d, 0x70, 0x74
.byte 0x79, 0x20, 0x22, 0x22, 0x20, 0x69, 0x66, 0x20, 0x68, 0x6f, 0x73, 0x74, 0x65, 0x64, 0x20, 0x64
.byte 0x69, 0x72, 0x65, 0x63, 0x74, 0x6c, 0x79, 0x20, 0x6f, 0x6e, 0x20, 0x45, 0x53, 0x50, 0x33, 0x32
.byte 0x20, 0x66, 0x6c, 0x61, 0x73, 0x68, 0x29, 0x0a, 0x20, 0x20, 0x20, 0x20, 0x20, 0x20, 0x20, 0x20
.byte 0x20, 0x20, 0x20, 0x20, 0x42, 0x41, 0x53, 0x45, 0x5f, 0x55, 0x52, 0x4c, 0x3a, 0x20, 0x22, 0x22
.byte 0x2c, 0x0a, 0x20, 0x20, 0x20, 0x20, 0x20, 0x20, 0x20, 0x20, 0x20, 0x20, 0x20, 0x20, 0x0a, 0x20
.byte 0x20, 0x20, 0x20, 0x20, 0x20, 0x20, 0x20, 0x20, 0x20, 0x20, 0x20, 0x2f, 0x2f, 0x20, 0x43, 0x65
.byte 0x6e, 0x74, 0x72, 0x61, 0x6c, 0x69, 0x7a, 0x65, 0x64, 0x20, 0x45, 0x6e, 0x64, 0x70, 0x6f, 0x69
.byte 0x6e, 0x74, 0x73, 0x20, 0x54, 0x61, 0x62, 0x6c, 0x65, 0x0a, 0x20, 0x20, 0x20, 0x20, 0x20, 0x20
.byte 0x20, 0x20, 0x20, 0x20, 0x20, 0x20, 0x45, 0x4e, 0x44, 0x50, 0x4f, 0x49, 0x4e, 0x54, 0x53, 0x3a
.byte 0x20, 0x7b, 0x0a, 0x20, 0x20, 0x20, 0x20, 0x20, 0x20, 0x20, 0x20, 0x20, 0x20, 0x20, 0x20, 0x20
.byte 0x20, 0x20, 0x20, 0x47, 0x45, 0x54, 0x5f, 0x53, 0x45, 0x4e, 0x53, 0x4f, 0x52, 0x53, 0x3a, 0x20
.byte 0x27, 0x2f, 0x61, 0x70, 0x69, 0x2f, 0x73, 0x65, 0x6e, 0x73, 0x6f, 0x72, 0x73, 0x27, 0x2c, 0x20
.byte 0x20, 0x20, 0x2f, 0x2f, 0x20, 0x47, 0x45, 0x54, 0x20, 0x3a, 0x20, 0x46, 0x65, 0x74, 0x63, 0x68
.byte 0x20, 0x44, 0x48, 0x54, 0x32, 0x32, 0x2c, 0x20, 0x4c, 0x75, 0x78, 0x2c, 0x20, 0x4d, 0x6f, 0x69
.byte 0x73, 0x74, 0x75, 0x72, 0x65, 0x0a, 0x20, 0x20, 0x20, 0x20, 0x20, 0x20, 0x20, 0x20, 0x20, 0x20
.byte 0x20, 0x20, 0x20, 0x20, 0x20, 0x20, 0x47, 0x45, 0x54, 0x5f, 0x53, 0x59, 0x53, 0x54, 0x45, 0x4d
.byte 0x3a, 0x20, 0x20, 0x27, 0x2f, 0x61, 0x70, 0x69, 0x2f, 0x73, 0x79, 0x73, 0x74, 0x65, 0x6d, 0x27
.byte 0x2c, 0x20, 0x20, 0x20, 0x20, 0x2f, 0x2f, 0x20, 0x47, 0x45, 0x54, 0x20, 0x3a, 0x20, 0x46, 0x65
.byte 0x74, 0x63, 0x68, 0x20, 0x52, 0x53, 0x53, 0x49, 0x2c, 0x20, 0x55, 0x70, 0x74, 0x69, 0x6d, 0x65
.byte 0x2c, 0x20, 0x48, 0x65, 0x61, 0x70, 0x0a, 0x20, 0x20, 0x20, 0x20, 0x20, 0x20, 0x20, 0x20, 0x20
.byte 0x20, 0x20, 0x20, 0x20, 0x20, 0x20, 0x20, 0x53, 0x45, 0x54, 0x5f, 0x43, 0x4f, 0x4e, 0x54, 0x52
.byte 0x4f, 0x4c, 0x3a, 0x20, 0x27, 0x2f, 0x61, 0x70, 0x69, 0x2f, 0x63, 0x6f, 0x6e, 0x74, 0x72, 0x6f
.byte 0x6c, 0x27, 0x2c, 0x20, 0x20, 0x20, 0x2f, 0x2f, 0x20, 0x47, 0x45, 0x54, 0x20, 0x6f, 0x72, 0x20
.byte 0x50, 0x4f, 0x53, 0x54, 0x20, 0x3a, 0x20, 0x44, 0x65, 0x76, 0x69, 0x63, 0x65, 0x20, 0x52, 0x65
.byte 0x6c, 0x61, 0x79, 0x73, 0x2f, 0x4f, 0x75, 0x74, 0x70, 0x75, 0x74, 0x73, 0x0a, 0x20, 0x20, 0x20
.byte 0x20, 0x20, 0x20, 0x20, 0x20, 0x20, 0x20, 0x20, 0x20, 0x20, 0x20, 0x20, 0x20, 0x53, 0x45, 0x54
.byte 0x5f, 0x50, 0x57, 0x4d, 0x3a, 0x20, 0x20, 0x20, 0x20, 0x20, 0x27, 0x2f, 0x61, 0x70, 0x69, 0x2f
.byte 0x70, 0x77, 0x6d, 0x27, 0x20, 0x20, 0x20, 0x20, 0x20, 0x20, 0x20, 0x20, 0x2f, 0x2f, 0x20, 0x47
.byte 0x45, 0x54, 0x20, 0x6f, 0x72, 0x20, 0x50, 0x4f, 0x53, 0x54, 0x20, 0x3a, 0x20, 0x46, 0x61, 0x6e
.byte 0x2f, 0x44, 0x69, 0x6d, 0x6d, 0x65, 0x72, 0x20, 0x50, 0x57, 0x4d, 0x20, 0x56, 0x61, 0x6c, 0x75
.byte 0x65, 0x0a, 0x20, 0x20, 0x20, 0x20, 0x20, 0x20, 0x20, 0x20, 0x20, 0x20, 0x20, 0x20, 0x7d, 0x2c
.byte 0x0a, 0x0a, 0x20, 0x20, 0x20, 0x20, 0x20, 0x20, 0x20, 0x20, 0x20, 0x20, 0x20, 0x20, 0x2f, 0x2f
.byte 0x20, 0x46, 0x6c, 0x61, 0x67, 0x73, 0x0a, 0x20, 0x20, 0x20, 0x20, 0x20, 0x20, 0x20, 0x20, 0x20
.byte 0x20, 0x20, 0x20, 0x75, 0x73, 0x65, 0x53, 0x69, 0x6d, 0x75, 0x6c, 0x61, 0x74, 0x69, 0x6f, 0x6e
.byte 0x4d, 0x6f, 0x64, 0x65, 0x3a, 0x20, 0x74, 0x72, 0x75, 0x65, 0x2c, 0x20, 0x2f, 0x2f, 0x20, 0x41
.byte 0x75, 0x74, 0x6f, 0x20, 0x66, 0x61, 0x6c, 0x6c, 0x62, 0x61, 0x63, 0x6b, 0x20, 0x74, 0x6f, 0x20
.byte 0x6d, 0x6f, 0x63, 0x6b, 0x20, 0x64, 0x61, 0x74, 0x61, 0x20, 0x69, 0x66, 0x20, 0x45, 0x53, 0x50
.byte 0x33, 0x32, 0x20, 0x69, 0x73, 0x20, 0x6f, 0x66, 0x66, 0x6c, 0x69, 0x6e, 0x65, 0x0a, 0x0a, 0x20
.byte 0x20, 0x20, 0x20, 0x20, 0x20, 0x20, 0x20, 0x20, 0x20, 0x20, 0x20, 0x2f, 0x2a, 0x2a, 0x0a, 0x20
.byte 0x20, 0x20, 0x20, 0x20, 0x20, 0x20, 0x20, 0x20, 0x20, 0x20, 0x20, 0x20, 0x2a, 0x20, 0x31, 0x2e
.byte 0x20, 0x47, 0x45, 0x54, 0x20, 0x53, 0x65, 0x6e, 0x73, 0x6f, 0x72, 0x20, 0x44, 0x61, 0x74, 0x61
.byte 0x20, 0x66, 0x72, 0x6f, 0x6d, 0x20, 0x45, 0x53, 0x50, 0x33, 0x32, 0x0a, 0x20, 0x20, 0x20, 0x20
.byte 0x20, 0x20, 0x20, 0x20, 0x20, 0x20, 0x20, 0x20, 0x20, 0x2a, 0x20, 0x45, 0x6e, 0x64, 0x70, 0x6f
.byte 0x69, 0x6e, 0x74, 0x3a, 0x20, 0x2f, 0x61, 0x70, 0x69, 0x2f, 0x73, 0x65, 0x6e, 0x73, 0x6f, 0x72
.byte 0x73, 0x0a, 0x20, 0x20, 0x20, 0x20, 0x20, 0x20, 0x20, 0x20, 0x20, 0x20, 0x20, 0x20, 0x20, 0x2a
.byte 0x20, 0x52, 0x65, 0x74, 0x75, 0x72, 0x6e, 0x73, 0x20, 0x4a, 0x53, 0x4f, 0x4e, 0x3a, 0x20, 0x7b
.byte 0x20, 0x74, 0x65, 0x6d, 0x70, 0x3a, 0x20, 0x32, 0x38, 0x2e, 0x35, 0x2c, 0x20, 0x68, 0x75, 0x6d
.byte 0x69, 0x3a, 0x20, 0x36, 0x35, 0x2c, 0x20, 0x6c, 0x69, 0x67, 0x68, 0x74, 0x3a, 0x20, 0x34, 0x35
.byte 0x30, 0x2c, 0x20, 0x73, 0x6f, 0x69, 0x6c, 0x3a, 0x20, 0x37, 0x32, 0x20, 0x7d, 0x0a, 0x20, 0x20
.byte 0x20, 0x20, 0x20, 0x20, 0x20, 0x20, 0x20, 0x20, 0x20, 0x20, 0x20, 0x2a, 0x2f, 0x0a, 0x20, 0x20
.byte 0x20, 0x20, 0x20, 0x20, 0x20, 0x20, 0x20, 0x20, 0x20, 0x20, 0x61, 0x73, 0x79, 0x6e, 0x63, 0x20
.byte 0x66, 0x65, 0x74, 0x63, 0x68, 0x53, 0x65, 0x6e, 0x73, 0x6f, 0x72, 0x73, 0x28, 0x29, 0x20, 0x7b
.byte 0x0a, 0x20, 0x20, 0x20, 0x20, 0x20, 0x20, 0x20, 0x20, 0x20, 0x20, 0x20, 0x20, 0x20, 0x20, 0x20
.byte 0x20, 0x69, 0x66, 0x20, 0x28, 0x74, 0x68, 0x69, 0x73, 0x2e, 0x75, 0x73, 0x65, 0x53, 0x69, 0x6d
.byte 0x75, 0x6c, 0x61, 0x74, 0x69, 0x6f, 0x6e, 0x4d, 0x6f, 0x64, 0x65, 0x29, 0x20, 0x7b, 0x0a, 0x20
.byte 0x20, 0x20, 0x20, 0x20, 0x20, 0x20, 0x20, 0x20, 0x20, 0x20, 0x20, 0x20, 0x20, 0x20, 0x20, 0x20
.byte 0x20, 0x20, 0x20, 0x72, 0x65, 0x74, 0x75, 0x72, 0x6e, 0x20, 0x74, 0x68, 0x69, 0x73, 0x2e, 0x5f
.byte 0x67, 0x65, 0x6e, 0x65, 0x72, 0x61, 0x74, 0x65, 0x4d, 0x6f, 0x63, 0x6b, 0x53, 0x65, 0x6e, 0x73
.byte 0x6f, 0x72, 0x73, 0x28, 0x29, 0x3b, 0x0a, 0x20, 0x20, 0x20, 0x20, 0x20, 0x20, 0x20, 0x20, 0x20
.byte 0x20, 0x20, 0x20, 0x20, 0x20, 0x20, 0x20, 0x7d, 0x0a, 0x0a, 0x20, 0x20, 0x20, 0x20, 0x20, 0x20
.byte 0x20, 0x20, 0x20, 0x20, 0x20, 0x20, 0x20, 0x20, 0x20, 0x20, 0x74, 0x72, 0x79, 0x20, 0x7b, 0x0a
.byte 0x20, 0x20, 0x20, 0x20, 0x20, 0x20, 0x20, 0x20, 0x20, 0x20, 0x20, 0x20, 0x20, 0x20, 0x20, 0x20
.byte 0x20, 0x20, 0x20, 0x20, 0x63, 0x6f, 0x6e, 0x73, 0x74, 0x20, 0x72, 0x65, 0x73, 0x70, 0x6f, 0x6e
.byte 0x73, 0x65, 0x20, 0x3d, 0x20, 0x61, 0x77, 0x61, 0x69, 0x74, 0x20, 0x66, 0x65, 0x74, 0x63, 0x68
.byte 0x28, 0x74, 0x68, 0x69, 0x73, 0x2e, 0x42, 0x41, 0x53, 0x45, 0x5f, 0x55, 0x52, 0x4c, 0x20, 0x2b
.byte 0x20, 0x74, 0x68, 0x69, 0x73, 0x2e, 0x45, 0x4e, 0x44, 0x50, 0x4f, 0x49, 0x4e, 0x54, 0x53, 0x2e
.byte 0x47, 0x45, 0x54, 0x5f, 0x53, 0x45, 0x4e, 0x53, 0x4f, 0x52, 0x53, 0x2c, 0x20, 0x7b, 0x0a, 0x20
.byte 0x20, 0x20, 0x20, 0x20, 0x20, 0x20, 0x20, 0x20, 0x20, 0x20, 0x20, 0x20, 0x20, 0x20, 0x20, 0x20
.byte 0x20, 0x20, 0x20, 0x20, 0x20, 0x20, 0x20, 0x6d, 0x65, 0x74, 0x68, 0x6f, 0x64, 0x3a, 0x20, 0x27
.byte 0x47, 0x45, 0x54, 0x27, 0x2c, 0x0a, 0x20, 0x20, 0x20, 0x20, 0x20, 0x20, 0x20, 0x20, 0x20, 0x20
.byte 0x20, 0x20, 0x20, 0x20, 0x20, 0x20, 0x20, 0x20, 0x20, 0x20, 0x20, 0x20, 0x20, 0x20, 0x68, 0x65
.byte 0x61, 0x64, 0x65, 0x72, 0x73, 0x3a, 0x20, 0x7b, 0x20, 0x27, 0x41, 0x63, 0x63, 0x65, 0x70, 0x74
.byte 0x27, 0x3a, 0x20, 0x27, 0x61, 0x70, 0x70, 0x6c, 0x69, 0x63, 0x61, 0x74, 0x69, 0x6f, 0x6e, 0x2f
.byte 0x6a, 0x73, 0x6f, 0x6e, 0x27, 0x20, 0x7d, 0x0a, 0x20, 0x20, 0x20, 0x20, 0x20, 0x20, 0x20, 0x20
.byte 0x20, 0x20, 0x20, 0x20, 0x20, 0x20, 0x20, 0x20, 0x20, 0x20, 0x20, 0x20, 0x7d, 0x29, 0x3b, 0x0a
.byte 0x20, 0x20, 0x20, 0x20, 0x20, 0x20, 0x20, 0x20, 0x20, 0x20, 0x20, 0x20, 0x20, 0x20, 0x20, 0x20
.byte 0x20, 0x20, 0x20, 0x20, 0x69, 0x66, 0x20, 0x28, 0x21, 0x72, 0x65, 0x73, 0x70, 0x6f, 0x6e, 0x73
.byte 0x65, 0x2e, 0x6f, 0x6b, 0x29, 0x20, 0x74, 0x68, 0x72, 0x6f, 0x77, 0x20, 0x6e, 0x65, 0x77, 0x20
.byte 0x45, 0x72, 0x72, 0x6f, 0x72, 0x28, 0x27, 0x4e, 0x65, 0x74, 0x77, 0x6f, 0x72, 0x6b, 0x20, 0x65
.byte 0x72, 0x72, 0x6f, 0x72, 0x27, 0x29, 0x3b, 0x0a, 0x20, 0x20, 0x20, 0x20, 0x20, 0x20, 0x20, 0x20
.byte 0x20, 0x20, 0x20, 0x20, 0x20, 0x20, 0x20, 0x20, 0x20, 0x20, 0x20, 0x20, 0x72, 0x65, 0x74, 0x75
.byte 0x72, 0x6e, 0x20, 0x61, 0x77, 0x61, 0x69, 0x74, 0x20, 0x72, 0x65, 0x73, 0x70, 0x6f, 0x6e, 0x73
.byte 0x65, 0x2e, 0x6a, 0x73, 0x6f, 0x6e, 0x28, 0x29, 0x3b, 0x0a, 0x20, 0x20, 0x20, 0x20, 0x20, 0x20
.byte 0x20, 0x20, 0x20, 0x20, 0x20, 0x20, 0x20, 0x20, 0x20, 0x20, 0x7d, 0x20, 0x63, 0x61, 0x74, 0x63
.byte 0x68, 0x20, 0x28, 0x65, 0x72, 0x72, 0x6f, 0x72, 0x29, 0x20, 0x7b, 0x0a, 0x20, 0x20, 0x20, 0x20
.byte 0x20, 0x20, 0x20, 0x20, 0x20, 0x20, 0x20, 0x20, 0x20, 0x20, 0x20, 0x20, 0x20, 0x20, 0x20, 0x20
.byte 0x63, 0x6f, 0x6e, 0x73, 0x6f, 0x6c, 0x65, 0x2e, 0x77, 0x61, 0x72, 0x6e, 0x28, 0x27, 0x5b, 0x41
.byte 0x50, 0x49, 0x5d, 0x20, 0x46, 0x61, 0x69, 0x6c, 0x65, 0x64, 0x20, 0x74, 0x6f, 0x20, 0x66, 0x65
.byte 0x74, 0x63, 0x68, 0x20, 0x72, 0x65, 0x61, 0x6c, 0x20, 0x73, 0x65, 0x6e, 0x73, 0x6f, 0x72, 0x73
.byte 0x2c, 0x20, 0x66, 0x61, 0x6c, 0x6c, 0x69, 0x6e, 0x67, 0x20, 0x62, 0x61, 0x63, 0x6b, 0x20, 0x74
.byte 0x6f, 0x20, 0x6d, 0x6f, 0x63, 0x6b, 0x3a, 0x27, 0x2c, 0x20, 0x65, 0x72, 0x72, 0x6f, 0x72, 0x29
.byte 0x3b, 0x0a, 0x20, 0x20, 0x20, 0x20, 0x20, 0x20, 0x20, 0x20, 0x20, 0x20, 0x20, 0x20, 0x20, 0x20
.byte 0x20, 0x20, 0x20, 0x20, 0x20, 0x20, 0x75, 0x70, 0x64, 0x61, 0x74, 0x65, 0x43, 0x6f, 0x6e, 0x6e
.byte 0x65, 0x63, 0x74, 0x69, 0x6f, 0x6e, 0x53, 0x74, 0x61, 0x74, 0x75, 0x73, 0x28, 0x66, 0x61, 0x6c
.byte 0x73, 0x65, 0x29, 0x3b, 0x0a, 0x20, 0x20, 0x20, 0x20, 0x20, 0x20, 0x20, 0x20, 0x20, 0x20, 0x20
.byte 0x20, 0x20, 0x20, 0x20, 0x20, 0x20, 0x20, 0x20, 0x20, 0x72, 0x65, 0x74, 0x75, 0x72, 0x6e, 0x20
.byte 0x74, 0x68, 0x69, 0x73, 0x2e, 0x5f, 0x67, 0x65, 0x6e, 0x65, 0x72, 0x61, 0x74, 0x65, 0x4d, 0x6f
.byte 0x63, 0x6b, 0x53, 0x65, 0x6e, 0x73, 0x6f, 0x72, 0x73, 0x28, 0x29, 0x3b, 0x0a, 0x20, 0x20, 0x20
.byte 0x20, 0x20, 0x20, 0x20, 0x20, 0x20, 0x20, 0x20, 0x20, 0x20, 0x20, 0x20, 0x20, 0x7d, 0x0a, 0x20
.byte 0x20, 0x20, 0x20, 0x20, 0x20, 0x20, 0x20, 0x20, 0x20, 0x20, 0x20, 0x7d, 0x2c, 0x0a, 0x0a, 0x20
.byte 0x20, 0x20, 0x20, 0x20, 0x20, 0x20, 0x20, 0x20, 0x20, 0x20, 0x20, 0x2f, 0x2a, 0x2a, 0x0a, 0x20
.byte 0x20, 0x20, 0x20, 0x20, 0x20, 0x20, 0x20, 0x20, 0x20, 0x20, 0x20, 0x20, 0x2a, 0x20, 0x32, 0x2e
.byte 0x20, 0x47, 0x45, 0x54, 0x20, 0x53, 0x79, 0x73, 0x74, 0x65, 0x6d, 0x20, 0x49, 0x6e, 0x66, 0x6f
.byte 0x20, 0x66, 0x72, 0x6f, 0x6d, 0x20, 0x45, 0x53, 0x50, 0x33, 0x32, 0x0a, 0x20, 0x20, 0x20, 0x20
.byte 0x20, 0x20, 0x20, 0x20, 0x20, 0x20, 0x20, 0x20, 0x20, 0x2a, 0x20, 0x45, 0x6e, 0x64, 0x70, 0x6f
.byte 0x69, 0x6e, 0x74, 0x3a, 0x20, 0x2f, 0x61, 0x70, 0x69, 0x2f, 0x73, 0x79, 0x73, 0x74, 0x65, 0x6d
.byte 0x0a, 0x20, 0x20, 0x20, 0x20, 0x20, 0x20, 0x20, 0x20, 0x20, 0x20, 0x20, 0x20, 0x20, 0x2a, 0x20
.byte 0x52, 0x65, 0x74, 0x75, 0x72, 0x6e, 0x73, 0x20, 0x4a, 0x53, 0x4f, 0x4e, 0x3a, 0x20, 0x7b, 0x20
.byte 0x68, 0x65, 0x61, 0x70, 0x3a, 0x20, 0x31, 0x38, 0x34, 0x35, 0x31, 0x32, 0x2c, 0x20, 0x75, 0x70
.byte 0x74, 0x69, 0x6d, 0x65, 0x3a, 0x20, 0x33, 0x36, 0x30, 0x30, 0x2c, 0x20, 0x72, 0x73, 0x73, 0x69
.byte 0x3a, 0x20, 0x2d, 0x36, 0x32, 0x20, 0x7d, 0x0a, 0x20, 0x20, 0x20, 0x20, 0x20, 0x20, 0x20, 0x20
.byte 0x20, 0x20, 0x20, 0x20, 0x20, 0x2a, 0x2f, 0x0a, 0x20, 0x20, 0x20, 0x20, 0x20, 0x20, 0x20, 0x20
.byte 0x20, 0x20, 0x20, 0x20, 0x61, 0x73, 0x79, 0x6e, 0x63, 0x20, 0x66, 0x65, 0x74, 0x63, 0x68, 0x53
.byte 0x79, 0x73, 0x74, 0x65, 0x6d, 0x49, 0x6e, 0x66, 0x6f, 0x28, 0x29, 0x20, 0x7b, 0x0a, 0x20, 0x20
.byte 0x20, 0x20, 0x20, 0x20, 0x20, 0x20, 0x20, 0x20, 0x20, 0x20, 0x20, 0x20, 0x20, 0x20, 0x69, 0x66
.byte 0x20, 0x28, 0x74, 0x68, 0x69, 0x73, 0x2e, 0x75, 0x73, 0x65, 0x53, 0x69, 0x6d, 0x75, 0x6c, 0x61
.byte 0x74, 0x69, 0x6f, 0x6e, 0x4d, 0x6f, 0x64, 0x65, 0x29, 0x20, 0x7b, 0x0a, 0x20, 0x20, 0x20, 0x20
.byte 0x20, 0x20, 0x20, 0x20, 0x20, 0x20, 0x20, 0x20, 0x20, 0x20, 0x20, 0x20, 0x20, 0x20, 0x20, 0x20
.byte 0x72, 0x65, 0x74, 0x75, 0x72, 0x6e, 0x20, 0x7b, 0x20, 0x68, 0x65, 0x61, 0x70, 0x3a, 0x20, 0x31
.byte 0x38, 0x34, 0x32, 0x34, 0x30, 0x2c, 0x20, 0x75, 0x70, 0x74, 0x69, 0x6d, 0x65, 0x3a, 0x20, 0x34
.byte 0x33, 0x32, 0x30, 0x30, 0x2c, 0x20, 0x72, 0x73, 0x73, 0x69, 0x3a, 0x20, 0x2d, 0x35, 0x38, 0x20
.byte 0x7d, 0x3b, 0x0a, 0x20, 0x20, 0x20, 0x20, 0x20, 0x20, 0x20, 0x20, 0x20, 0x20, 0x20, 0x20, 0x20
.byte 0x20, 0x20, 0x20, 0x7d, 0x0a, 0x0a, 0x20, 0x20, 0x20, 0x20, 0x20, 0x20, 0x20, 0x20, 0x20, 0x20
.byte 0x20, 0x20, 0x20, 0x20, 0x20, 0x20, 0x74, 0x72, 0x79, 0x20, 0x7b, 0x0a, 0x20, 0x20, 0x20, 0x20
.byte 0x20, 0x20, 0x20, 0x20, 0x20, 0x20, 0x20, 0x20, 0x20, 0x20, 0x20, 0x20, 0x20, 0x20, 0x20, 0x20
.byte 0x63, 0x6f, 0x6e, 0x73, 0x74, 0x20, 0x72, 0x65, 0x73, 0x70, 0x6f, 0x6e, 0x73, 0x65, 0x20, 0x3d
.byte 0x20, 0x61, 0x77, 0x61, 0x69, 0x74, 0x20, 0x66, 0x65, 0x74, 0x63, 0x68, 0x28, 0x74, 0x68, 0x69
.byte 0x73, 0x2e, 0x42, 0x41, 0x53, 0x45, 0x5f, 0x55, 0x52, 0x4c, 0x20, 0x2b, 0x20, 0x74, 0x68, 0x69
.byte 0x73, 0x2e, 0x45, 0x4e, 0x44, 0x50, 0x4f, 0x49, 0x4e, 0x54, 0x53, 0x2e, 0x47, 0x45, 0x54, 0x5f
.byte 0x53, 0x59, 0x53, 0x54, 0x45, 0x4d, 0x2c, 0x20, 0x7b, 0x20, 0x6d, 0x65, 0x74, 0x68, 0x6f, 0x64
.byte 0x3a, 0x20, 0x27, 0x47, 0x45, 0x54, 0x27, 0x20, 0x7d, 0x29, 0x3b, 0x0a, 0x20, 0x20, 0x20, 0x20
.byte 0x20, 0x20, 0x20, 0x20, 0x20, 0x20, 0x20, 0x20, 0x20, 0x20, 0x20, 0x20, 0x20, 0x20, 0x20, 0x20
.byte 0x72, 0x65, 0x74, 0x75, 0x72, 0x6e, 0x20, 0x61, 0x77, 0x61, 0x69, 0x74, 0x20, 0x72, 0x65, 0x73
.byte 0x70, 0x6f, 0x6e, 0x73, 0x65, 0x2e, 0x6a, 0x73, 0x6f, 0x6e, 0x28, 0x29, 0x3b, 0x0a, 0x20, 0x20
.byte 0x20, 0x20, 0x20, 0x20, 0x20, 0x20, 0x20, 0x20, 0x20, 0x20, 0x20, 0x20, 0x20, 0x20, 0x7d, 0x20
.byte 0x63, 0x61, 0x74, 0x63, 0x68, 0x20, 0x28, 0x65, 0x72, 0x72, 0x6f, 0x72, 0x29, 0x20, 0x7b, 0x0a
.byte 0x20, 0x20, 0x20, 0x20, 0x20, 0x20, 0x20, 0x20, 0x20, 0x20, 0x20, 0x20, 0x20, 0x20, 0x20, 0x20
.byte 0x20, 0x20, 0x20, 0x20, 0x72, 0x65, 0x74, 0x75, 0x72, 0x6e, 0x20, 0x7b, 0x20, 0x68, 0x65, 0x61
.byte 0x70, 0x3a, 0x20, 0x30, 0x2c, 0x20, 0x75, 0x70, 0x74, 0x69, 0x6d, 0x65, 0x3a, 0x20, 0x30, 0x2c
.byte 0x20, 0x72, 0x73, 0x73, 0x69, 0x3a, 0x20, 0x30, 0x20, 0x7d, 0x3b, 0x0a, 0x20, 0x20, 0x20, 0x20
.byte 0x20, 0x20, 0x20, 0x20, 0x20, 0x20, 0x20, 0x20, 0x20, 0x20, 0x20, 0x20, 0x7d, 0x0a, 0x20, 0x20
.byte 0x20, 0x20, 0x20, 0x20, 0x20, 0x20, 0x20, 0x20, 0x20, 0x20, 0x7d, 0x2c, 0x0a, 0x0a, 0x20, 0x20
.byte 0x20, 0x20, 0x20, 0x20, 0x20, 0x20, 0x20, 0x20, 0x20, 0x20, 0x2f, 0x2a, 0x2a, 0x0a, 0x20, 0x20
.byte 0x20, 0x20, 0x20, 0x20, 0x20, 0x20, 0x20, 0x20, 0x20, 0x20, 0x20, 0x2a, 0x20, 0x33, 0x2e, 0x20
.byte 0x53, 0x65, 0x6e, 0x64, 0x20, 0x43, 0x6f, 0x6e, 0x74, 0x72, 0x6f, 0x6c, 0x20, 0x43, 0x6f, 0x6d
.byte 0x6d, 0x61, 0x6e, 0x64, 0x20, 0x28, 0x52, 0x65, 0x6c, 0x61, 0x79, 0x20, 0x4f, 0x4e, 0x2f, 0x4f
.byte 0x46, 0x46, 0x29, 0x0a, 0x20, 0x20, 0x20, 0x20, 0x20, 0x20, 0x20, 0x20, 0x20, 0x20, 0x20, 0x20
.byte 0x20, 0x2a, 0x20, 0x45, 0x6e, 0x64, 0x70, 0x6f, 0x69, 0x6e, 0x74, 0x3a, 0x20, 0x2f, 0x61, 0x70
.byte 0x69, 0x2f, 0x63, 0x6f, 0x6e, 0x74, 0x72, 0x6f, 0x6c, 0x3f, 0x64, 0x65, 0x76, 0x69, 0x63, 0x65
.byte 0x3d, 0x72, 0x65, 0x6c, 0x61, 0x79, 0x31, 0x26, 0x73, 0x74, 0x61, 0x74, 0x65, 0x3d, 0x31, 0x0a
.byte 0x20, 0x20, 0x20, 0x20, 0x20, 0x20, 0x20, 0x20, 0x20, 0x20, 0x20, 0x20, 0x20, 0x2a, 0x20, 0x4d
.byte 0x65, 0x74, 0x68, 0x6f, 0x64, 0x3a, 0x20, 0x47, 0x45, 0x54, 0x20, 0x28, 0x6f, 0x72, 0x20, 0x50
.byte 0x4f, 0x53, 0x54, 0x29, 0x0a, 0x20, 0x20, 0x20, 0x20, 0x20, 0x20, 0x20, 0x20, 0x20, 0x20, 0x20
.byte 0x20, 0x20, 0x2a, 0x2f, 0x0a, 0x20, 0x20, 0x20, 0x20, 0x20, 0x20, 0x20, 0x20, 0x20, 0x20, 0x20
.byte 0x20, 0x61, 0x73, 0x79, 0x6e, 0x63, 0x20, 0x63, 0x6f, 0x6e, 0x74, 0x72, 0x6f, 0x6c, 0x44, 0x65
.byte 0x76, 0x69, 0x63, 0x65, 0x28, 0x64, 0x65, 0x76, 0x69, 0x63, 0x65, 0x4e, 0x61, 0x6d, 0x65, 0x2c
.byte 0x20, 0x69, 0x73, 0x45, 0x6e, 0x61, 0x62, 0x6c, 0x65, 0x64, 0x29, 0x20, 0x7b, 0x0a, 0x20, 0x20
.byte 0x20, 0x20, 0x20, 0x20, 0x20, 0x20, 0x20, 0x20, 0x20, 0x20, 0x20, 0x20, 0x20, 0x20, 0x63, 0x6f
.byte 0x6e, 0x73, 0x74, 0x20, 0x73, 0x74, 0x61, 0x74, 0x65, 0x56, 0x61, 0x6c, 0x20, 0x3d, 0x20, 0x69
.byte 0x73, 0x45, 0x6e, 0x61, 0x62, 0x6c, 0x65, 0x64, 0x20, 0x3f, 0x20, 0x31, 0x20, 0x3a, 0x20, 0x30
.byte 0x3b, 0x0a, 0x20, 0x20, 0x20, 0x20, 0x20, 0x20, 0x20, 0x20, 0x20, 0x20, 0x20, 0x20, 0x20, 0x20
.byte 0x20, 0x20, 0x63, 0x6f, 0x6e, 0x73, 0x6f, 0x6c, 0x65, 0x2e, 0x6c, 0x6f, 0x67, 0x28, 0x60, 0x5b
.byte 0x41, 0x50, 0x49, 0x20, 0x53, 0x65, 0x6e, 0x64, 0x69, 0x6e, 0x67, 0x5d, 0x20, 0x24, 0x7b, 0x64
.byte 0x65, 0x76, 0x69, 0x63, 0x65, 0x4e, 0x61, 0x6d, 0x65, 0x7d, 0x20, 0x2d, 0x3e, 0x20, 0x24, 0x7b
.byte 0x73, 0x74, 0x61, 0x74, 0x65, 0x56, 0x61, 0x6c, 0x7d, 0x60, 0x29, 0x3b, 0x0a, 0x0a, 0x20, 0x20
.byte 0x20, 0x20, 0x20, 0x20, 0x20, 0x20, 0x20, 0x20, 0x20, 0x20, 0x20, 0x20, 0x20, 0x20, 0x2f, 0x2f
.byte 0x20, 0x55, 0x70, 0x64, 0x61, 0x74, 0x65, 0x20, 0x55, 0x49, 0x20, 0x74, 0x65, 0x78, 0x74, 0x20
.byte 0x69, 0x6d, 0x6d, 0x65, 0x64, 0x69, 0x61, 0x74, 0x65, 0x6c, 0x79, 0x0a, 0x20, 0x20, 0x20, 0x20
.byte 0x20, 0x20, 0x20, 0x20, 0x20, 0x20, 0x20, 0x20, 0x20, 0x20, 0x20, 0x20, 0x69, 0x66, 0x20, 0x28
.byte 0x64, 0x65, 0x76, 0x69, 0x63, 0x65, 0x4e, 0x61, 0x6d, 0x65, 0x20, 0x3d, 0x3d, 0x3d, 0x20, 0x27
.byte 0x72, 0x65, 0x6c, 0x61, 0x79, 0x31, 0x27, 0x29, 0x20, 0x7b, 0x0a, 0x20, 0x20, 0x20, 0x20, 0x20
.byte 0x20, 0x20, 0x20, 0x20, 0x20, 0x20, 0x20, 0x20, 0x20, 0x20, 0x20, 0x20, 0x20, 0x20, 0x20, 0x64
.byte 0x6f, 0x63, 0x75, 0x6d, 0x65, 0x6e, 0x74, 0x2e, 0x67, 0x65, 0x74, 0x45, 0x6c, 0x65, 0x6d, 0x65
.byte 0x6e, 0x74, 0x42, 0x79, 0x49, 0x64, 0x28, 0x27, 0x72, 0x65, 0x6c, 0x61, 0x79, 0x31, 0x54, 0x65
.byte 0x78, 0x74, 0x27, 0x29, 0x2e, 0x69, 0x6e, 0x6e, 0x65, 0x72, 0x54, 0x65, 0x78, 0x74, 0x20, 0x3d
.byte 0x20, 0x60, 0x53, 0x74, 0x61, 0x74, 0x75, 0x73, 0x3a, 0x20, 0x24, 0x7b, 0x69, 0x73, 0x45, 0x6e
.byte 0x61, 0x62, 0x6c, 0x65, 0x64, 0x20, 0x3f, 0x20, 0x27, 0x4f, 0x4e, 0x27, 0x20, 0x3a, 0x20, 0x27
.byte 0x4f, 0x46, 0x46, 0x27, 0x7d, 0x60, 0x3b, 0x0a, 0x20, 0x20, 0x20, 0x20, 0x20, 0x20, 0x20, 0x20
.byte 0x20, 0x20, 0x20, 0x20, 0x20, 0x20, 0x20, 0x20, 0x7d, 0x20, 0x65, 0x6c, 0x73, 0x65, 0x20, 0x69
.byte 0x66, 0x20, 0x28, 0x64, 0x65, 0x76, 0x69, 0x63, 0x65, 0x4e, 0x61, 0x6d, 0x65, 0x20, 0x3d, 0x3d
.byte 0x3d, 0x20, 0x27, 0x72, 0x65, 0x6c, 0x61, 0x79, 0x32, 0x27, 0x29, 0x20, 0x7b, 0x0a, 0x20, 0x20
.byte 0x20, 0x20, 0x20, 0x20, 0x20, 0x20, 0x20, 0x20, 0x20, 0x20, 0x20, 0x20, 0x20, 0x20, 0x20, 0x20
.byte 0x20, 0x20, 0x64, 0x6f, 0x63, 0x75, 0x6d, 0x65, 0x6e, 0x74, 0x2e, 0x67, 0x65, 0x74, 0x45, 0x6c
.byte 0x65, 0x6d, 0x65, 0x6e, 0x74, 0x42, 0x79, 0x49, 0x64, 0x28, 0x27, 0x72, 0x65, 0x6c, 0x61, 0x79
.byte 0x32, 0x54, 0x65, 0x78, 0x74, 0x27, 0x29, 0x2e, 0x69, 0x6e, 0x6e, 0x65, 0x72, 0x54, 0x65, 0x78
.byte 0x74, 0x20, 0x3d, 0x20, 0x60, 0x53, 0x74, 0x61, 0x74, 0x75, 0x73, 0x3a, 0x20, 0x24, 0x7b, 0x69
.byte 0x73, 0x45, 0x6e, 0x61, 0x62, 0x6c, 0x65, 0x64, 0x20, 0x3f, 0x20, 0x27, 0x4f, 0x4e, 0x27, 0x20
.byte 0x3a, 0x20, 0x27, 0x4f, 0x46, 0x46, 0x27, 0x7d, 0x60, 0x3b, 0x0a, 0x20, 0x20, 0x20, 0x20, 0x20
.byte 0x20, 0x20, 0x20, 0x20, 0x20, 0x20, 0x20, 0x20, 0x20, 0x20, 0x20, 0x7d, 0x0a, 0x0a, 0x20, 0x20
.byte 0x20, 0x20, 0x20, 0x20, 0x20, 0x20, 0x20, 0x20, 0x20, 0x20, 0x20, 0x20, 0x20, 0x20, 0x69, 0x66
.byte 0x20, 0x28, 0x74, 0x68, 0x69, 0x73, 0x2e, 0x75, 0x73, 0x65, 0x53, 0x69, 0x6d, 0x75, 0x6c, 0x61
.byte 0x74, 0x69, 0x6f, 0x6e, 0x4d, 0x6f, 0x64, 0x65, 0x29, 0x20, 0x72, 0x65, 0x74, 0x75, 0x72, 0x6e
.byte 0x20, 0x74, 0x72, 0x75, 0x65, 0x3b, 0x0a, 0x0a, 0x20, 0x20, 0x20, 0x20, 0x20, 0x20, 0x20, 0x20
.byte 0x20, 0x20, 0x20, 0x20, 0x20, 0x20, 0x20, 0x20, 0x74, 0x72, 0x79, 0x20, 0x7b, 0x0a, 0x20, 0x20
.byte 0x20, 0x20, 0x20, 0x20, 0x20, 0x20, 0x20, 0x20, 0x20, 0x20, 0x20, 0x20, 0x20, 0x20, 0x20, 0x20
.byte 0x20, 0x20, 0x63, 0x6f, 0x6e, 0x73, 0x74, 0x20, 0x75, 0x72, 0x6c, 0x20, 0x3d, 0x20, 0x60, 0x24
.byte 0x7b, 0x74, 0x68, 0x69, 0x73, 0x2e, 0x42, 0x41, 0x53, 0x45, 0x5f, 0x55, 0x52, 0x4c, 0x7d, 0x24
.byte 0x7b, 0x74, 0x68, 0x69, 0x73, 0x2e, 0x45, 0x4e, 0x44, 0x50, 0x4f, 0x49, 0x4e, 0x54, 0x53, 0x2e
.byte 0x53, 0x45, 0x54, 0x5f, 0x43, 0x4f, 0x4e, 0x54, 0x52, 0x4f, 0x4c, 0x7d, 0x3f, 0x64, 0x65, 0x76
.byte 0x69, 0x63, 0x65, 0x3d, 0x24, 0x7b, 0x64, 0x65, 0x76, 0x69, 0x63, 0x65, 0x4e, 0x61, 0x6d, 0x65
.byte 0x7d, 0x26, 0x73, 0x74, 0x61, 0x74, 0x65, 0x3d, 0x24, 0x7b, 0x73, 0x74, 0x61, 0x74, 0x65, 0x56
.byte 0x61, 0x6c, 0x7d, 0x60, 0x3b, 0x0a, 0x20, 0x20, 0x20, 0x20, 0x20, 0x20, 0x20, 0x20, 0x20, 0x20
.byte 0x20, 0x20, 0x20, 0x20, 0x20, 0x20, 0x20, 0x20, 0x20, 0x20, 0x63, 0x6f, 0x6e, 0x73, 0x74, 0x20
.byte 0x72, 0x65, 0x73, 0x20, 0x3d, 0x20, 0x61, 0x77, 0x61, 0x69, 0x74, 0x20, 0x66, 0x65, 0x74, 0x63
.byte 0x68, 0x28, 0x75, 0x72, 0x6c, 0x2c, 0x20, 0x7b, 0x20, 0x6d, 0x65, 0x74, 0x68, 0x6f, 0x64, 0x3a
.byte 0x20, 0x27, 0x47, 0x45, 0x54, 0x27, 0x20, 0x7d, 0x29, 0x3b, 0x0a, 0x20, 0x20, 0x20, 0x20, 0x20
.byte 0x20, 0x20, 0x20, 0x20, 0x20, 0x20, 0x20, 0x20, 0x20, 0x20, 0x20, 0x20, 0x20, 0x20, 0x20, 0x72
.byte 0x65, 0x74, 0x75, 0x72, 0x6e, 0x20, 0x72, 0x65, 0x73, 0x2e, 0x6f, 0x6b, 0x3b, 0x0a, 0x20, 0x20
.byte 0x20, 0x20, 0x20, 0x20, 0x20, 0x20, 0x20, 0x20, 0x20, 0x20, 0x20, 0x20, 0x20, 0x20, 0x7d, 0x20
.byte 0x63, 0x61, 0x74, 0x63, 0x68, 0x20, 0x28, 0x65, 0x72, 0x72, 0x29, 0x20, 0x7b, 0x0a, 0x20, 0x20
.byte 0x20, 0x20, 0x20, 0x20, 0x20, 0x20, 0x20, 0x20, 0x20, 0x20, 0x20, 0x20, 0x20, 0x20, 0x20, 0x20
.byte 0x20, 0x20, 0x63, 0x6f, 0x6e, 0x73, 0x6f, 0x6c, 0x65, 0x2e, 0x65, 0x72, 0x72, 0x6f, 0x72, 0x28
.byte 0x27, 0x5b, 0x41, 0x50, 0x49, 0x20, 0x45, 0x72, 0x72, 0x6f, 0x72, 0x5d, 0x20, 0x44, 0x65, 0x76
.byte 0x69, 0x63, 0x65, 0x20, 0x63, 0x6f, 0x6e, 0x74, 0x72, 0x6f, 0x6c, 0x20, 0x66, 0x61, 0x69, 0x6c
.byte 0x65, 0x64, 0x3a, 0x27, 0x2c, 0x20, 0x65, 0x72, 0x72, 0x29, 0x3b, 0x0a, 0x20, 0x20, 0x20, 0x20
.byte 0x20, 0x20, 0x20, 0x20, 0x20, 0x20, 0x20, 0x20, 0x20, 0x20, 0x20, 0x20, 0x20, 0x20, 0x20, 0x20
.byte 0x72, 0x65, 0x74, 0x75, 0x72, 0x6e, 0x20, 0x66, 0x61, 0x6c, 0x73, 0x65, 0x3b, 0x0a, 0x20, 0x20
.byte 0x20, 0x20, 0x20, 0x20, 0x20, 0x20, 0x20, 0x20, 0x20, 0x20, 0x20, 0x20, 0x20, 0x20, 0x7d, 0x0a
.byte 0x20, 0x20, 0x20, 0x20, 0x20, 0x20, 0x20, 0x20, 0x20, 0x20, 0x20, 0x20, 0x7d, 0x2c, 0x0a, 0x0a
.byte 0x20, 0x20, 0x20, 0x20, 0x20, 0x20, 0x20, 0x20, 0x20, 0x20, 0x20, 0x20, 0x2f, 0x2a, 0x2a, 0x0a
.byte 0x20, 0x20, 0x20, 0x20, 0x20, 0x20, 0x20, 0x20, 0x20, 0x20, 0x20, 0x20, 0x20, 0x2a, 0x20, 0x34
.byte 0x2e, 0x20, 0x53, 0x65, 0x6e, 0x64, 0x20, 0x50, 0x57, 0x4d, 0x20, 0x44, 0x75, 0x74, 0x79, 0x20
.byte 0x43, 0x79, 0x63, 0x6c, 0x65, 0x20, 0x28, 0x46, 0x61, 0x6e, 0x20, 0x53, 0x70, 0x65, 0x65, 0x64
.byte 0x20, 0x2f, 0x20, 0x4c, 0x69, 0x67, 0x68, 0x74, 0x20, 0x44, 0x69, 0x6d, 0x6d, 0x65, 0x72, 0x29
.byte 0x0a, 0x20, 0x20, 0x20, 0x20, 0x20, 0x20, 0x20, 0x20, 0x20, 0x20, 0x20, 0x20, 0x20, 0x2a, 0x20
.byte 0x45, 0x6e, 0x64, 0x70, 0x6f, 0x69, 0x6e, 0x74, 0x3a, 0x20, 0x2f, 0x61, 0x70, 0x69, 0x2f, 0x70
.byte 0x77, 0x6d, 0x3f, 0x73, 0x70, 0x65, 0x65, 0x64, 0x3d, 0x37, 0x35, 0x0a, 0x20, 0x20, 0x20, 0x20
.byte 0x20, 0x20, 0x20, 0x20, 0x20, 0x20, 0x20, 0x20, 0x20, 0x2a, 0x2f, 0x0a, 0x20, 0x20, 0x20, 0x20
.byte 0x20, 0x20, 0x20, 0x20, 0x20, 0x20, 0x20, 0x20, 0x61, 0x73, 0x79, 0x6e, 0x63, 0x20, 0x73, 0x65
.byte 0x74, 0x46, 0x61, 0x6e, 0x53, 0x70, 0x65, 0x65, 0x64, 0x28, 0x76, 0x61, 0x6c, 0x29, 0x20, 0x7b
.byte 0x0a, 0x20, 0x20, 0x20, 0x20, 0x20, 0x20, 0x20, 0x20, 0x20, 0x20, 0x20, 0x20, 0x20, 0x20, 0x20
.byte 0x20, 0x64, 0x6f, 0x63, 0x75, 0x6d, 0x65, 0x6e, 0x74, 0x2e, 0x67, 0x65, 0x74, 0x45, 0x6c, 0x65
.byte 0x6d, 0x65, 0x6e, 0x74, 0x42, 0x79, 0x49, 0x64, 0x28, 0x27, 0x70, 0x77, 0x6d, 0x56, 0x61, 0x6c
.byte 0x27, 0x29, 0x2e, 0x69, 0x6e, 0x6e, 0x65, 0x72, 0x54, 0x65, 0x78, 0x74, 0x20, 0x3d, 0x20, 0x60
.byte 0x24, 0x7b, 0x76, 0x61, 0x6c, 0x7d, 0x25, 0x60, 0x3b, 0x0a, 0x20, 0x20, 0x20, 0x20, 0x20, 0x20
.byte 0x20, 0x20, 0x20, 0x20, 0x20, 0x20, 0x20, 0x20, 0x20, 0x20, 0x63, 0x6f, 0x6e, 0x73, 0x6f, 0x6c
.byte 0x65, 0x2e, 0x6c, 0x6f, 0x67, 0x28, 0x60, 0x5b, 0x41, 0x50, 0x49, 0x20, 0x53, 0x65, 0x6e, 0x64
.byte 0x69, 0x6e, 0x67, 0x5d, 0x20, 0x50, 0x57, 0x4d, 0x20, 0x46, 0x61, 0x6e, 0x20, 0x53, 0x70, 0x65
.byte 0x65, 0x64, 0x20, 0x2d, 0x3e, 0x20, 0x24, 0x7b, 0x76, 0x61, 0x6c, 0x7d, 0x25, 0x60, 0x29, 0x3b
.byte 0x0a, 0x0a, 0x20, 0x20, 0x20, 0x20, 0x20, 0x20, 0x20, 0x20, 0x20, 0x20, 0x20, 0x20, 0x20, 0x20
.byte 0x20, 0x20, 0x69, 0x66, 0x20, 0x28, 0x74, 0x68, 0x69, 0x73, 0x2e, 0x75, 0x73, 0x65, 0x53, 0x69
.byte 0x6d, 0x75, 0x6c, 0x61, 0x74, 0x69, 0x6f, 0x6e, 0x4d, 0x6f, 0x64, 0x65, 0x29, 0x20, 0x72, 0x65
.byte 0x74, 0x75, 0x72, 0x6e, 0x20, 0x74, 0x72, 0x75, 0x65, 0x3b, 0x0a, 0x0a, 0x20, 0x20, 0x20, 0x20
.byte 0x20, 0x20, 0x20, 0x20, 0x20, 0x20, 0x20, 0x20, 0x20, 0x20, 0x20, 0x20, 0x74, 0x72, 0x79, 0x20
.byte 0x7b, 0x0a, 0x20, 0x20, 0x20, 0x20, 0x20, 0x20, 0x20, 0x20, 0x20, 0x20, 0x20, 0x20, 0x20, 0x20
.byte 0x20, 0x20, 0x20, 0x20, 0x20, 0x20, 0x63, 0x6f, 0x6e, 0x73, 0x74, 0x20, 0x75, 0x72, 0x6c, 0x20
.byte 0x3d, 0x20, 0x60, 0x24, 0x7b, 0x74, 0x68, 0x69, 0x73, 0x2e, 0x42, 0x41, 0x53, 0x45, 0x5f, 0x55
.byte 0x52, 0x4c, 0x7d, 0x24, 0x7b, 0x74, 0x68, 0x69, 0x73, 0x2e, 0x45, 0x4e, 0x44, 0x50, 0x4f, 0x49
.byte 0x4e, 0x54, 0x53, 0x2e, 0x53, 0x45, 0x54, 0x5f, 0x50, 0x57, 0x4d, 0x7d, 0x3f, 0x76, 0x61, 0x6c
.byte 0x75, 0x65, 0x3d, 0x24, 0x7b, 0x76, 0x61, 0x6c, 0x7d, 0x60, 0x3b, 0x0a, 0x20, 0x20, 0x20, 0x20
.byte 0x20, 0x20, 0x20, 0x20, 0x20, 0x20, 0x20, 0x20, 0x20, 0x20, 0x20, 0x20, 0x20, 0x20, 0x20, 0x20
.byte 0x63, 0x6f, 0x6e, 0x73, 0x74, 0x20, 0x72, 0x65, 0x73, 0x20, 0x3d, 0x20, 0x61, 0x77, 0x61, 0x69
.byte 0x74, 0x20, 0x66, 0x65, 0x74, 0x63, 0x68, 0x28, 0x75, 0x72, 0x6c, 0x2c, 0x20, 0x7b, 0x20, 0x6d
.byte 0x65, 0x74, 0x68, 0x6f, 0x64, 0x3a, 0x20, 0x27, 0x47, 0x45, 0x54, 0x27, 0x20, 0x7d, 0x29, 0x3b
.byte 0x0a, 0x20, 0x20, 0x20, 0x20, 0x20, 0x20, 0x20, 0x20, 0x20, 0x20, 0x20, 0x20, 0x20, 0x20, 0x20
.byte 0x20, 0x20, 0x20, 0x20, 0x20, 0x72, 0x65, 0x74, 0x75, 0x72, 0x6e, 0x20, 0x72, 0x65, 0x73, 0x2e
.byte 0x6f, 0x6b, 0x3b, 0x0a, 0x20, 0x20, 0x20, 0x20, 0x20, 0x20, 0x20, 0x20, 0x20, 0x20, 0x20, 0x20
.byte 0x20, 0x20, 0x20, 0x20, 0x7d, 0x20, 0x63, 0x61, 0x74, 0x63, 0x68, 0x20, 0x28, 0x65, 0x72, 0x72
.byte 0x29, 0x20, 0x7b, 0x0a, 0x20, 0x20, 0x20, 0x20, 0x20, 0x20, 0x20, 0x20, 0x20, 0x20, 0x20, 0x20
.byte 0x20, 0x20, 0x20, 0x20, 0x20, 0x20, 0x20, 0x20, 0x63, 0x6f, 0x6e, 0x73, 0x6f, 0x6c, 0x65, 0x2e
.byte 0x65, 0x72, 0x72, 0x6f, 0x72, 0x28, 0x27, 0x5b, 0x41, 0x50, 0x49, 0x20, 0x45, 0x72, 0x72, 0x6f
.byte 0x72, 0x5d, 0x20, 0x50, 0x57, 0x4d, 0x20, 0x75, 0x70, 0x64, 0x61, 0x74, 0x65, 0x20, 0x66, 0x61
.byte 0x69, 0x6c, 0x65, 0x64, 0x3a, 0x27, 0x2c, 0x20, 0x65, 0x72, 0x72, 0x29, 0x3b, 0x0a, 0x20, 0x20
.byte 0x20, 0x20, 0x20, 0x20, 0x20, 0x20, 0x20, 0x20, 0x20, 0x20, 0x20, 0x20, 0x20, 0x20, 0x20, 0x20
.byte 0x20, 0x20, 0x72, 0x65, 0x74, 0x75, 0x72, 0x6e, 0x20, 0x66, 0x61, 0x6c, 0x73, 0x65, 0x3b, 0x0a
.byte 0x20, 0x20, 0x20, 0x20, 0x20, 0x20, 0x20, 0x20, 0x20, 0x20, 0x20, 0x20, 0x20, 0x20, 0x20, 0x20
.byte 0x7d, 0x0a, 0x20, 0x20, 0x20, 0x20, 0x20, 0x20, 0x20, 0x20, 0x20, 0x20, 0x20, 0x20, 0x7d, 0x2c
.byte 0x0a, 0x0a, 0x20, 0x20, 0x20, 0x20, 0x20, 0x20, 0x20, 0x20, 0x20, 0x20, 0x20, 0x20, 0x2f, 0x2f
.byte 0x20, 0x4d, 0x6f, 0x63, 0x6b, 0x20, 0x44, 0x61, 0x74, 0x61, 0x20, 0x47, 0x65, 0x6e, 0x65, 0x72
.byte 0x61, 0x74, 0x6f, 0x72, 0x20, 0x66, 0x6f, 0x72, 0x20, 0x44, 0x65, 0x76, 0x65, 0x6c, 0x6f, 0x70
.byte 0x6d, 0x65, 0x6e, 0x74, 0x20, 0x26, 0x20, 0x4f, 0x66, 0x66, 0x6c, 0x69, 0x6e, 0x65, 0x20, 0x50
.byte 0x72, 0x65, 0x76, 0x69, 0x65, 0x77, 0x0a, 0x20, 0x20, 0x20, 0x20, 0x20, 0x20, 0x20, 0x20, 0x20
.byte 0x20, 0x20, 0x20, 0x5f, 0x67, 0x65, 0x6e, 0x65, 0x72, 0x61, 0x74, 0x65, 0x4d, 0x6f, 0x63, 0x6b
.byte 0x53, 0x65, 0x6e, 0x73, 0x6f, 0x72, 0x73, 0x28, 0x29, 0x20, 0x7b, 0x0a, 0x20, 0x20, 0x20, 0x20
.byte 0x20, 0x20, 0x20, 0x20, 0x20, 0x20, 0x20, 0x20, 0x20, 0x20, 0x20, 0x20, 0x72, 0x65, 0x74, 0x75
.byte 0x72, 0x6e, 0x20, 0x7b, 0x0a, 0x20, 0x20, 0x20, 0x20, 0x20, 0x20, 0x20, 0x20, 0x20, 0x20, 0x20
.byte 0x20, 0x20, 0x20, 0x20, 0x20, 0x20, 0x20, 0x20, 0x20, 0x74, 0x65, 0x6d, 0x70, 0x3a, 0x20, 0x28
.byte 0x32, 0x34, 0x20, 0x2b, 0x20, 0x4d, 0x61, 0x74, 0x68, 0x2e, 0x72, 0x61, 0x6e, 0x64, 0x6f, 0x6d
.byte 0x28, 0x29, 0x20, 0x2a, 0x20, 0x35, 0x29, 0x2e, 0x74, 0x6f, 0x46, 0x69, 0x78, 0x65, 0x64, 0x28
.byte 0x31, 0x29, 0x2c, 0x0a, 0x20, 0x20, 0x20, 0x20, 0x20, 0x20, 0x20, 0x20, 0x20, 0x20, 0x20, 0x20
.byte 0x20, 0x20, 0x20, 0x20, 0x20, 0x20, 0x20, 0x20, 0x68, 0x75, 0x6d, 0x69, 0x3a, 0x20, 0x4d, 0x61
.byte 0x74, 0x68, 0x2e, 0x66, 0x6c, 0x6f, 0x6f, 0x72, 0x28, 0x35, 0x35, 0x20, 0x2b, 0x20, 0x4d, 0x61
.byte 0x74, 0x68, 0x2e, 0x72, 0x61, 0x6e, 0x64, 0x6f, 0x6d, 0x28, 0x29, 0x20, 0x2a, 0x20, 0x31, 0x35
.byte 0x29, 0x2c, 0x0a, 0x20, 0x20, 0x20, 0x20, 0x20, 0x20, 0x20, 0x20, 0x20, 0x20, 0x20, 0x20, 0x20
.byte 0x20, 0x20, 0x20, 0x20, 0x20, 0x20, 0x20, 0x6c, 0x69, 0x67, 0x68, 0x74, 0x3a, 0x20, 0x4d, 0x61
.byte 0x74, 0x68, 0x2e, 0x66, 0x6c, 0x6f, 0x6f, 0x72, 0x28, 0x33, 0x30, 0x30, 0x20, 0x2b, 0x20, 0x4d
.byte 0x61, 0x74, 0x68, 0x2e, 0x72, 0x61, 0x6e, 0x64, 0x6f, 0x6d, 0x28, 0x29, 0x20, 0x2a, 0x20, 0x34
.byte 0x30, 0x30, 0x29, 0x2c, 0x0a, 0x20, 0x20, 0x20, 0x20, 0x20, 0x20, 0x20, 0x20, 0x20, 0x20, 0x20
.byte 0x20, 0x20, 0x20, 0x20, 0x20, 0x20, 0x20, 0x20, 0x20, 0x73, 0x6f, 0x69, 0x6c, 0x3a, 0x20, 0x4d
.byte 0x61, 0x74, 0x68, 0x2e, 0x66, 0x6c, 0x6f, 0x6f, 0x72, 0x28, 0x36, 0x30, 0x20, 0x2b, 0x20, 0x4d
.byte 0x61, 0x74, 0x68, 0x2e, 0x72, 0x61, 0x6e, 0x64, 0x6f, 0x6d, 0x28, 0x29, 0x20, 0x2a, 0x20, 0x32
.byte 0x30, 0x29, 0x0a, 0x20, 0x20, 0x20, 0x20, 0x20, 0x20, 0x20, 0x20, 0x20, 0x20, 0x20, 0x20, 0x20
.byte 0x20, 0x20, 0x20, 0x7d, 0x3b, 0x0a, 0x20, 0x20, 0x20, 0x20, 0x20, 0x20, 0x20, 0x20, 0x20, 0x20
.byte 0x20, 0x20, 0x7d, 0x0a, 0x20, 0x20, 0x20, 0x20, 0x20, 0x20, 0x20, 0x20, 0x7d, 0x3b, 0x0a, 0x0a
.byte 0x20, 0x20, 0x20, 0x20, 0x20, 0x20, 0x20, 0x20, 0x2f, 0x2f, 0x20, 0x49, 0x6e, 0x69, 0x74, 0x69
.byte 0x61, 0x6c, 0x69, 0x7a, 0x65, 0x20, 0x52, 0x65, 0x61, 0x6c, 0x2d, 0x74, 0x69, 0x6d, 0x65, 0x20
.byte 0x43, 0x68, 0x61, 0x72, 0x74, 0x0a, 0x20, 0x20, 0x20, 0x20, 0x20, 0x20, 0x20, 0x20, 0x6c, 0x65
.byte 0x74, 0x20, 0x73, 0x65, 0x6e, 0x73, 0x6f, 0x72, 0x43, 0x68, 0x61, 0x72, 0x74, 0x3b, 0x0a, 0x20
.byte 0x20, 0x20, 0x20, 0x20, 0x20, 0x20, 0x20, 0x66, 0x75, 0x6e, 0x63, 0x74, 0x69, 0x6f, 0x6e, 0x20
.byte 0x69, 0x6e, 0x69, 0x74, 0x43, 0x68, 0x61, 0x72, 0x74, 0x28, 0x29, 0x20, 0x7b, 0x0a, 0x20, 0x20
.byte 0x20, 0x20, 0x20, 0x20, 0x20, 0x20, 0x20, 0x20, 0x20, 0x20, 0x63, 0x6f, 0x6e, 0x73, 0x74, 0x20
.byte 0x63, 0x74, 0x78, 0x20, 0x3d, 0x20, 0x64, 0x6f, 0x63, 0x75, 0x6d, 0x65, 0x6e, 0x74, 0x2e, 0x67
.byte 0x65, 0x74, 0x45, 0x6c, 0x65, 0x6d, 0x65, 0x6e, 0x74, 0x42, 0x79, 0x49, 0x64, 0x28, 0x27, 0x73
.byte 0x65, 0x6e, 0x73, 0x6f, 0x72, 0x43, 0x68, 0x61, 0x72, 0x74, 0x27, 0x29, 0x2e, 0x67, 0x65, 0x74
.byte 0x43, 0x6f, 0x6e, 0x74, 0x65, 0x78, 0x74, 0x28, 0x27, 0x32, 0x64, 0x27, 0x29, 0x3b, 0x0a, 0x20
.byte 0x20, 0x20, 0x20, 0x20, 0x20, 0x20, 0x20, 0x20, 0x20, 0x20, 0x20, 0x0a, 0x20, 0x20, 0x20, 0x20
.byte 0x20, 0x20, 0x20, 0x20, 0x20, 0x20, 0x20, 0x20, 0x63, 0x6f, 0x6e, 0x73, 0x74, 0x20, 0x67, 0x72
.byte 0x61, 0x64, 0x69, 0x65, 0x6e, 0x74, 0x54, 0x65, 0x6d, 0x70, 0x20, 0x3d, 0x20, 0x63, 0x74, 0x78
.byte 0x2e, 0x63, 0x72, 0x65, 0x61, 0x74, 0x65, 0x4c, 0x69, 0x6e, 0x65, 0x61, 0x72, 0x47, 0x72, 0x61
.byte 0x64, 0x69, 0x65, 0x6e, 0x74, 0x28, 0x30, 0x2c, 0x20, 0x30, 0x2c, 0x20, 0x30, 0x2c, 0x20, 0x33
.byte 0x30, 0x30, 0x29, 0x3b, 0x0a, 0x20, 0x20, 0x20, 0x20, 0x20, 0x20, 0x20, 0x20, 0x20, 0x20, 0x20
.byte 0x20, 0x67, 0x72, 0x61, 0x64, 0x69, 0x65, 0x6e, 0x74, 0x54, 0x65, 0x6d, 0x70, 0x2e, 0x61, 0x64
.byte 0x64, 0x43, 0x6f, 0x6c, 0x6f, 0x72, 0x53, 0x74, 0x6f, 0x70, 0x28, 0x30, 0x2c, 0x20, 0x27, 0x72
.byte 0x67, 0x62, 0x61, 0x28, 0x32, 0x33, 0x39, 0x2c, 0x20, 0x36, 0x38, 0x2c, 0x20, 0x36, 0x38, 0x2c
.byte 0x20, 0x30, 0x2e, 0x34, 0x29, 0x27, 0x29, 0x3b, 0x0a, 0x20, 0x20, 0x20, 0x20, 0x20, 0x20, 0x20
.byte 0x20, 0x20, 0x20, 0x20, 0x20, 0x67, 0x72, 0x61, 0x64, 0x69, 0x65, 0x6e, 0x74, 0x54, 0x65, 0x6d
.byte 0x70, 0x2e, 0x61, 0x64, 0x64, 0x43, 0x6f, 0x6c, 0x6f, 0x72, 0x53, 0x74, 0x6f, 0x70, 0x28, 0x31
.byte 0x2c, 0x20, 0x27, 0x72, 0x67, 0x62, 0x61, 0x28, 0x32, 0x33, 0x39, 0x2c, 0x20, 0x36, 0x38, 0x2c
.byte 0x20, 0x36, 0x38, 0x2c, 0x20, 0x30, 0x2e, 0x30, 0x29, 0x27, 0x29, 0x3b, 0x0a, 0x0a, 0x20, 0x20
.byte 0x20, 0x20, 0x20, 0x20, 0x20, 0x20, 0x20, 0x20, 0x20, 0x20, 0x63, 0x6f, 0x6e, 0x73, 0x74, 0x20
.byte 0x67, 0x72, 0x61, 0x64, 0x69, 0x65, 0x6e, 0x74, 0x48, 0x75, 0x6d, 0x69, 0x20, 0x3d, 0x20, 0x63
.byte 0x74, 0x78, 0x2e, 0x63, 0x72, 0x65, 0x61, 0x74, 0x65, 0x4c, 0x69, 0x6e, 0x65, 0x61, 0x72, 0x47
.byte 0x72, 0x61, 0x64, 0x69, 0x65, 0x6e, 0x74, 0x28, 0x30, 0x2c, 0x20, 0x30, 0x2c, 0x20, 0x30, 0x2c
.byte 0x20, 0x33, 0x30, 0x30, 0x29, 0x3b, 0x0a, 0x20, 0x20, 0x20, 0x20, 0x20, 0x20, 0x20, 0x20, 0x20
.byte 0x20, 0x20, 0x20, 0x67, 0x72, 0x61, 0x64, 0x69, 0x65, 0x6e, 0x74, 0x48, 0x75, 0x6d, 0x69, 0x2e
.byte 0x61, 0x64, 0x64, 0x43, 0x6f, 0x6c, 0x6f, 0x72, 0x53, 0x74, 0x6f, 0x70, 0x28, 0x30, 0x2c, 0x20
.byte 0x27, 0x72, 0x67, 0x62, 0x61, 0x28, 0x35, 0x36, 0x2c, 0x20, 0x31, 0x38, 0x39, 0x2c, 0x20, 0x32
.byte 0x34, 0x38, 0x2c, 0x20, 0x30, 0x2e, 0x34, 0x29, 0x27, 0x29, 0x3b, 0x0a, 0x20, 0x20, 0x20, 0x20
.byte 0x20, 0x20, 0x20, 0x20, 0x20, 0x20, 0x20, 0x20, 0x67, 0x72, 0x61, 0x64, 0x69, 0x65, 0x6e, 0x74
.byte 0x48, 0x75, 0x6d, 0x69, 0x2e, 0x61, 0x64, 0x64, 0x43, 0x6f, 0x6c, 0x6f, 0x72, 0x53, 0x74, 0x6f
.byte 0x70, 0x28, 0x31, 0x2c, 0x20, 0x27, 0x72, 0x67, 0x62, 0x61, 0x28, 0x35, 0x36, 0x2c, 0x20, 0x31
.byte 0x38, 0x39, 0x2c, 0x20, 0x32, 0x34, 0x38, 0x2c, 0x20, 0x30, 0x2e, 0x30, 0x29, 0x27, 0x29, 0x3b
.byte 0x0a, 0x0a, 0x20, 0x20, 0x20, 0x20, 0x20, 0x20, 0x20, 0x20, 0x20, 0x20, 0x20, 0x20, 0x73, 0x65
.byte 0x6e, 0x73, 0x6f, 0x72, 0x43, 0x68, 0x61, 0x72, 0x74, 0x20, 0x3d, 0x20, 0x6e, 0x65, 0x77, 0x20
.byte 0x43, 0x68, 0x61, 0x72, 0x74, 0x28, 0x63, 0x74, 0x78, 0x2c, 0x20, 0x7b, 0x0a, 0x20, 0x20, 0x20
.byte 0x20, 0x20, 0x20, 0x20, 0x20, 0x20, 0x20, 0x20, 0x20, 0x20, 0x20, 0x20, 0x20, 0x74, 0x79, 0x70
.byte 0x65, 0x3a, 0x20, 0x27, 0x6c, 0x69, 0x6e, 0x65, 0x27, 0x2c, 0x0a, 0x20, 0x20, 0x20, 0x20, 0x20
.byte 0x20, 0x20, 0x20, 0x20, 0x20, 0x20, 0x20, 0x20, 0x20, 0x20, 0x20, 0x64, 0x61, 0x74, 0x61, 0x3a
.byte 0x20, 0x7b, 0x0a, 0x20, 0x20, 0x20, 0x20, 0x20, 0x20, 0x20, 0x20, 0x20, 0x20, 0x20, 0x20, 0x20
.byte 0x20, 0x20, 0x20, 0x20, 0x20, 0x20, 0x20, 0x6c, 0x61, 0x62, 0x65, 0x6c, 0x73, 0x3a, 0x20, 0x5b
.byte 0x5d, 0x2c, 0x0a, 0x20, 0x20, 0x20, 0x20, 0x20, 0x20, 0x20, 0x20, 0x20, 0x20, 0x20, 0x20, 0x20
.byte 0x20, 0x20, 0x20, 0x20, 0x20, 0x20, 0x20, 0x64, 0x61, 0x74, 0x61, 0x73, 0x65, 0x74, 0x73, 0x3a
.byte 0x20, 0x5b, 0x0a, 0x20, 0x20, 0x20, 0x20, 0x20, 0x20, 0x20, 0x20, 0x20, 0x20, 0x20, 0x20, 0x20
.byte 0x20, 0x20, 0x20, 0x20, 0x20, 0x20, 0x20, 0x20, 0x20, 0x20, 0x20, 0x7b, 0x0a, 0x20, 0x20, 0x20
.byte 0x20, 0x20, 0x20, 0x20, 0x20, 0x20, 0x20, 0x20, 0x20, 0x20, 0x20, 0x20, 0x20, 0x20, 0x20, 0x20
.byte 0x20, 0x20, 0x20, 0x20, 0x20, 0x20, 0x20, 0x20, 0x20, 0x6c, 0x61, 0x62, 0x65, 0x6c, 0x3a, 0x20
.byte 0x27, 0x54, 0x65, 0x6d, 0x70, 0x20, 0x28, 0xc2, 0xb0, 0x43, 0x29, 0x27, 0x2c, 0x0a, 0x20, 0x20
.byte 0x20, 0x20, 0x20, 0x20, 0x20, 0x20, 0x20, 0x20, 0x20, 0x20, 0x20, 0x20, 0x20, 0x20, 0x20, 0x20
.byte 0x20, 0x20, 0x20, 0x20, 0x20, 0x20, 0x20, 0x20, 0x20, 0x20, 0x64, 0x61, 0x74, 0x61, 0x3a, 0x20
.byte 0x5b, 0x5d, 0x2c, 0x0a, 0x20, 0x20, 0x20, 0x20, 0x20, 0x20, 0x20, 0x20, 0x20, 0x20, 0x20, 0x20
.byte 0x20, 0x20, 0x20, 0x20, 0x20, 0x20, 0x20, 0x20, 0x20, 0x20, 0x20, 0x20, 0x20, 0x20, 0x20, 0x20
.byte 0x62, 0x6f, 0x72, 0x64, 0x65, 0x72, 0x43, 0x6f, 0x6c, 0x6f, 0x72, 0x3a, 0x20, 0x27, 0x23, 0x65
.byte 0x66, 0x34, 0x34, 0x34, 0x34, 0x27, 0x2c, 0x0a, 0x20, 0x20, 0x20, 0x20, 0x20, 0x20, 0x20, 0x20
.byte 0x20, 0x20, 0x20, 0x20, 0x20, 0x20, 0x20, 0x20, 0x20, 0x20, 0x20, 0x20, 0x20, 0x20, 0x20, 0x20
.byte 0x20, 0x20, 0x20, 0x20, 0x62, 0x61, 0x63, 0x6b, 0x67, 0x72, 0x6f, 0x75, 0x6e, 0x64, 0x43, 0x6f
.byte 0x6c, 0x6f, 0x72, 0x3a, 0x20, 0x67, 0x72, 0x61, 0x64, 0x69, 0x65, 0x6e, 0x74, 0x54, 0x65, 0x6d
.byte 0x70, 0x2c, 0x0a, 0x20, 0x20, 0x20, 0x20, 0x20, 0x20, 0x20, 0x20, 0x20, 0x20, 0x20, 0x20, 0x20
.byte 0x20, 0x20, 0x20, 0x20, 0x20, 0x20, 0x20, 0x20, 0x20, 0x20, 0x20, 0x20, 0x20, 0x20, 0x20, 0x66
.byte 0x69, 0x6c, 0x6c, 0x3a, 0x20, 0x74, 0x72, 0x75, 0x65, 0x2c, 0x0a, 0x20, 0x20, 0x20, 0x20, 0x20
.byte 0x20, 0x20, 0x20, 0x20, 0x20, 0x20, 0x20, 0x20, 0x20, 0x20, 0x20, 0x20, 0x20, 0x20, 0x20, 0x20
.byte 0x20, 0x20, 0x20, 0x20, 0x20, 0x20, 0x20, 0x74, 0x65, 0x6e, 0x73, 0x69, 0x6f, 0x6e, 0x3a, 0x20
.byte 0x30, 0x2e, 0x34, 0x2c, 0x0a, 0x20, 0x20, 0x20, 0x20, 0x20, 0x20, 0x20, 0x20, 0x20, 0x20, 0x20
.byte 0x20, 0x20, 0x20, 0x20, 0x20, 0x20, 0x20, 0x20, 0x20, 0x20, 0x20, 0x20, 0x20, 0x20, 0x20, 0x20
.byte 0x20, 0x62, 0x6f, 0x72, 0x64, 0x65, 0x72, 0x57, 0x69, 0x64, 0x74, 0x68, 0x3a, 0x20, 0x32, 0x2c
.byte 0x0a, 0x20, 0x20, 0x20, 0x20, 0x20, 0x20, 0x20, 0x20, 0x20, 0x20, 0x20, 0x20, 0x20, 0x20, 0x20
.byte 0x20, 0x20, 0x20, 0x20, 0x20, 0x20, 0x20, 0x20, 0x20, 0x20, 0x20, 0x20, 0x20, 0x70, 0x6f, 0x69
.byte 0x6e, 0x74, 0x52, 0x61, 0x64, 0x69, 0x75, 0x73, 0x3a, 0x20, 0x33, 0x0a, 0x20, 0x20, 0x20, 0x20
.byte 0x20, 0x20, 0x20, 0x20, 0x20, 0x20, 0x20, 0x20, 0x20, 0x20, 0x20, 0x20, 0x20, 0x20, 0x20, 0x20
.byte 0x20, 0x20, 0x20, 0x20, 0x7d, 0x2c, 0x0a, 0x20, 0x20, 0x20, 0x20, 0x20, 0x20, 0x20, 0x20, 0x20
.byte 0x20, 0x20, 0x20, 0x20, 0x20, 0x20, 0x20, 0x20, 0x20, 0x20, 0x20, 0x20, 0x20, 0x20, 0x20, 0x7b
.byte 0x0a, 0x20, 0x20, 0x20, 0x20, 0x20, 0x20, 0x20, 0x20, 0x20, 0x20, 0x20, 0x20, 0x20, 0x20, 0x20
.byte 0x20, 0x20, 0x20, 0x20, 0x20, 0x20, 0x20, 0x20, 0x20, 0x20, 0x20, 0x20, 0x20, 0x6c, 0x61, 0x62
.byte 0x65, 0x6c, 0x3a, 0x20, 0x27, 0x48, 0x75, 0x6d, 0x69, 0x64, 0x69, 0x74, 0x79, 0x20, 0x28, 0x25
.byte 0x29, 0x27, 0x2c, 0x0a, 0x20, 0x20, 0x20, 0x20, 0x20, 0x20, 0x20, 0x20, 0x20, 0x20, 0x20, 0x20
.byte 0x20, 0x20, 0x20, 0x20, 0x20, 0x20, 0x20, 0x20, 0x20, 0x20, 0x20, 0x20, 0x20, 0x20, 0x20, 0x20
.byte 0x64, 0x61, 0x74, 0x61, 0x3a, 0x20, 0x5b, 0x5d, 0x2c, 0x0a, 0x20, 0x20, 0x20, 0x20, 0x20, 0x20
.byte 0x20, 0x20, 0x20, 0x20, 0x20, 0x20, 0x20, 0x20, 0x20, 0x20, 0x20, 0x20, 0x20, 0x20, 0x20, 0x20
.byte 0x20, 0x20, 0x20, 0x20, 0x20, 0x20, 0x62, 0x6f, 0x72, 0x64, 0x65, 0x72, 0x43, 0x6f, 0x6c, 0x6f
.byte 0x72, 0x3a, 0x20, 0x27, 0x23, 0x33, 0x38, 0x62, 0x64, 0x66, 0x38, 0x27, 0x2c, 0x0a, 0x20, 0x20
.byte 0x20, 0x20, 0x20, 0x20, 0x20, 0x20, 0x20, 0x20, 0x20, 0x20, 0x20, 0x20, 0x20, 0x20, 0x20, 0x20
.byte 0x20, 0x20, 0x20, 0x20, 0x20, 0x20, 0x20, 0x20, 0x20, 0x20, 0x62, 0x61, 0x63, 0x6b, 0x67, 0x72
.byte 0x6f, 0x75, 0x6e, 0x64, 0x43, 0x6f, 0x6c, 0x6f, 0x72, 0x3a, 0x20, 0x67, 0x72, 0x61, 0x64, 0x69
.byte 0x65, 0x6e, 0x74, 0x48, 0x75, 0x6d, 0x69, 0x2c, 0x0a, 0x20, 0x20, 0x20, 0x20, 0x20, 0x20, 0x20
.byte 0x20, 0x20, 0x20, 0x20, 0x20, 0x20, 0x20, 0x20, 0x20, 0x20, 0x20, 0x20, 0x20, 0x20, 0x20, 0x20
.byte 0x20, 0x20, 0x20, 0x20, 0x20, 0x66, 0x69, 0x6c, 0x6c, 0x3a, 0x20, 0x74, 0x72, 0x75, 0x65, 0x2c
.byte 0x0a, 0x20, 0x20, 0x20, 0x20, 0x20, 0x20, 0x20, 0x20, 0x20, 0x20, 0x20, 0x20, 0x20, 0x20, 0x20
.byte 0x20, 0x20, 0x20, 0x20, 0x20, 0x20, 0x20, 0x20, 0x20, 0x20, 0x20, 0x20, 0x20, 0x74, 0x65, 0x6e
.byte 0x73, 0x69, 0x6f, 0x6e, 0x3a, 0x20, 0x30, 0x2e, 0x34, 0x2c, 0x0a, 0x20, 0x20, 0x20, 0x20, 0x20
.byte 0x20, 0x20, 0x20, 0x20, 0x20, 0x20, 0x20, 0x20, 0x20, 0x20, 0x20, 0x20, 0x20, 0x20, 0x20, 0x20
.byte 0x20, 0x20, 0x20, 0x20, 0x20, 0x20, 0x20, 0x62, 0x6f, 0x72, 0x64, 0x65, 0x72, 0x57, 0x69, 0x64
.byte 0x74, 0x68, 0x3a, 0x20, 0x32, 0x2c, 0x0a, 0x20, 0x20, 0x20, 0x20, 0x20, 0x20, 0x20, 0x20, 0x20
.byte 0x20, 0x20, 0x20, 0x20, 0x20, 0x20, 0x20, 0x20, 0x20, 0x20, 0x20, 0x20, 0x20, 0x20, 0x20, 0x20
.byte 0x20, 0x20, 0x20, 0x70, 0x6f, 0x69, 0x6e, 0x74, 0x52, 0x61, 0x64, 0x69, 0x75, 0x73, 0x3a, 0x20
.byte 0x33, 0x0a, 0x20, 0x20, 0x20, 0x20, 0x20, 0x20, 0x20, 0x20, 0x20, 0x20, 0x20, 0x20, 0x20, 0x20
.byte 0x20, 0x20, 0x20, 0x20, 0x20, 0x20, 0x20, 0x20, 0x20, 0x20, 0x7d, 0x0a, 0x20, 0x20, 0x20, 0x20
.byte 0x20, 0x20, 0x20, 0x20, 0x20, 0x20, 0x20, 0x20, 0x20, 0x20, 0x20, 0x20, 0x20, 0x20, 0x20, 0x20
.byte 0x5d, 0x0a, 0x20, 0x20, 0x20, 0x20, 0x20, 0x20, 0x20, 0x20, 0x20, 0x20, 0x20, 0x20, 0x20, 0x20
.byte 0x20, 0x20, 0x7d, 0x2c, 0x0a, 0x20, 0x20, 0x20, 0x20, 0x20, 0x20, 0x20, 0x20, 0x20, 0x20, 0x20
.byte 0x20, 0x20, 0x20, 0x20, 0x20, 0x6f, 0x70, 0x74, 0x69, 0x6f, 0x6e, 0x73, 0x3a, 0x20, 0x7b, 0x0a
.byte 0x20, 0x20, 0x20, 0x20, 0x20, 0x20, 0x20, 0x20, 0x20, 0x20, 0x20, 0x20, 0x20, 0x20, 0x20, 0x20
.byte 0x20, 0x20, 0x20, 0x20, 0x72, 0x65, 0x73, 0x70, 0x6f, 0x6e, 0x73, 0x69, 0x76, 0x65, 0x3a, 0x20
.byte 0x74, 0x72, 0x75, 0x65, 0x2c, 0x0a, 0x20, 0x20, 0x20, 0x20, 0x20, 0x20, 0x20, 0x20, 0x20, 0x20
.byte 0x20, 0x20, 0x20, 0x20, 0x20, 0x20, 0x20, 0x20, 0x20, 0x20, 0x6d, 0x61, 0x69, 0x6e, 0x74, 0x61
.byte 0x69, 0x6e, 0x41, 0x73, 0x70, 0x65, 0x63, 0x74, 0x52, 0x61, 0x74, 0x69, 0x6f, 0x3a, 0x20, 0x66
.byte 0x61, 0x6c, 0x73, 0x65, 0x2c, 0x0a, 0x20, 0x20, 0x20, 0x20, 0x20, 0x20, 0x20, 0x20, 0x20, 0x20
.byte 0x20, 0x20, 0x20, 0x20, 0x20, 0x20, 0x20, 0x20, 0x20, 0x20, 0x70, 0x6c, 0x75, 0x67, 0x69, 0x6e
.byte 0x73, 0x3a, 0x20, 0x7b, 0x20, 0x6c, 0x65, 0x67, 0x65, 0x6e, 0x64, 0x3a, 0x20, 0x7b, 0x20, 0x64
.byte 0x69, 0x73, 0x70, 0x6c, 0x61, 0x79, 0x3a, 0x20, 0x66, 0x61, 0x6c, 0x73, 0x65, 0x20, 0x7d, 0x20
.byte 0x7d, 0x2c, 0x0a, 0x20, 0x20, 0x20, 0x20, 0x20, 0x20, 0x20, 0x20, 0x20, 0x20, 0x20, 0x20, 0x20
.byte 0x20, 0x20, 0x20, 0x20, 0x20, 0x20, 0x20, 0x73, 0x63, 0x61, 0x6c, 0x65, 0x73, 0x3a, 0x20, 0x7b
.byte 0x0a, 0x20, 0x20, 0x20, 0x20, 0x20, 0x20, 0x20, 0x20, 0x20, 0x20, 0x20, 0x20, 0x20, 0x20, 0x20
.byte 0x20, 0x20, 0x20, 0x20, 0x20, 0x20, 0x20, 0x20, 0x20, 0x78, 0x3a, 0x20, 0x7b, 0x0a, 0x20, 0x20
.byte 0x20, 0x20, 0x20, 0x20, 0x20, 0x20, 0x20, 0x20, 0x20, 0x20, 0x20, 0x20, 0x20, 0x20, 0x20, 0x20
.byte 0x20, 0x20, 0x20, 0x20, 0x20, 0x20, 0x20, 0x20, 0x20, 0x20, 0x67, 0x72, 0x69, 0x64, 0x3a, 0x20
.byte 0x7b, 0x20, 0x63, 0x6f, 0x6c, 0x6f, 0x72, 0x3a, 0x20, 0x27, 0x72, 0x67, 0x62, 0x61, 0x28, 0x32
.byte 0x35, 0x35, 0x2c, 0x20, 0x32, 0x35, 0x35, 0x2c, 0x20, 0x32, 0x35, 0x35, 0x2c, 0x20, 0x30, 0x2e
.byte 0x30, 0x35, 0x29, 0x27, 0x20, 0x7d, 0x2c, 0x0a, 0x20, 0x20, 0x20, 0x20, 0x20, 0x20, 0x20, 0x20
.byte 0x20, 0x20, 0x20, 0x20, 0x20, 0x20, 0x20, 0x20, 0x20, 0x20, 0x20, 0x20, 0x20, 0x20, 0x20, 0x20
.byte 0x20, 0x20, 0x20, 0x20, 0x74, 0x69, 0x63, 0x6b, 0x73, 0x3a, 0x20, 0x7b, 0x20, 0x63, 0x6f, 0x6c
.byte 0x6f, 0x72, 0x3a, 0x20, 0x27, 0x23, 0x39, 0x34, 0x61, 0x33, 0x62, 0x38, 0x27, 0x2c, 0x20, 0x66
.byte 0x6f, 0x6e, 0x74, 0x3a, 0x20, 0x7b, 0x20, 0x73, 0x69, 0x7a, 0x65, 0x3a, 0x20, 0x31, 0x30, 0x20
.byte 0x7d, 0x20, 0x7d, 0x0a, 0x20, 0x20, 0x20, 0x20, 0x20, 0x20, 0x20, 0x20, 0x20, 0x20, 0x20, 0x20
.byte 0x20, 0x20, 0x20, 0x20, 0x20, 0x20, 0x20, 0x20, 0x20, 0x20, 0x20, 0x20, 0x7d, 0x2c, 0x0a, 0x20
.byte 0x20, 0x20, 0x20, 0x20, 0x20, 0x20, 0x20, 0x20, 0x20, 0x20, 0x20, 0x20, 0x20, 0x20, 0x20, 0x20
.byte 0x20, 0x20, 0x20, 0x20, 0x20, 0x20, 0x20, 0x79, 0x3a, 0x20, 0x7b, 0x0a, 0x20, 0x20, 0x20, 0x20
.byte 0x20, 0x20, 0x20, 0x20, 0x20, 0x20, 0x20, 0x20, 0x20, 0x20, 0x20, 0x20, 0x20, 0x20, 0x20, 0x20
.byte 0x20, 0x20, 0x20, 0x20, 0x20, 0x20, 0x20, 0x20, 0x67, 0x72, 0x69, 0x64, 0x3a, 0x20, 0x7b, 0x20
.byte 0x63, 0x6f, 0x6c, 0x6f, 0x72, 0x3a, 0x20, 0x27, 0x72, 0x67, 0x62, 0x61, 0x28, 0x32, 0x35, 0x35
.byte 0x2c, 0x20, 0x32, 0x35, 0x35, 0x2c, 0x20, 0x32, 0x35, 0x35, 0x2c, 0x20, 0x30, 0x2e, 0x30, 0x35
.byte 0x29, 0x27, 0x20, 0x7d, 0x2c, 0x0a, 0x20, 0x20, 0x20, 0x20, 0x20, 0x20, 0x20, 0x20, 0x20, 0x20
.byte 0x20, 0x20, 0x20, 0x20, 0x20, 0x20, 0x20, 0x20, 0x20, 0x20, 0x20, 0x20, 0x20, 0x20, 0x20, 0x20
.byte 0x20, 0x20, 0x74, 0x69, 0x63, 0x6b, 0x73, 0x3a, 0x20, 0x7b, 0x20, 0x63, 0x6f, 0x6c, 0x6f, 0x72
.byte 0x3a, 0x20, 0x27, 0x23, 0x39, 0x34, 0x61, 0x33, 0x62, 0x38, 0x27, 0x2c, 0x20, 0x66, 0x6f, 0x6e
.byte 0x74, 0x3a, 0x20, 0x7b, 0x20, 0x73, 0x69, 0x7a, 0x65, 0x3a, 0x20, 0x31, 0x30, 0x20, 0x7d, 0x20
.byte 0x7d, 0x0a, 0x20, 0x20, 0x20, 0x20, 0x20, 0x20, 0x20, 0x20, 0x20, 0x20, 0x20, 0x20, 0x20, 0x20
.byte 0x20, 0x20, 0x20, 0x20, 0x20, 0x20, 0x20, 0x20, 0x20, 0x20, 0x7d, 0x0a, 0x20, 0x20, 0x20, 0x20
.byte 0x20, 0x20, 0x20, 0x20, 0x20, 0x20, 0x20, 0x20, 0x20, 0x20, 0x20, 0x20, 0x20, 0x20, 0x20, 0x20
.byte 0x7d, 0x0a, 0x20, 0x20, 0x20, 0x20, 0x20, 0x20, 0x20, 0x20, 0x20, 0x20, 0x20, 0x20, 0x20, 0x20
.byte 0x20, 0x20, 0x7d, 0x0a, 0x20, 0x20, 0x20, 0x20, 0x20, 0x20, 0x20, 0x20, 0x20, 0x20, 0x20, 0x20
.byte 0x7d, 0x29, 0x3b, 0x0a, 0x20, 0x20, 0x20, 0x20, 0x20, 0x20, 0x20, 0x20, 0x7d, 0x0a, 0x0a, 0x20
.byte 0x20, 0x20, 0x20, 0x20, 0x20, 0x20, 0x20, 0x2f, 0x2f, 0x20, 0x55, 0x70, 0x64, 0x61, 0x74, 0x65
.byte 0x20, 0x55, 0x49, 0x20, 0x44, 0x61, 0x73, 0x68, 0x62, 0x6f, 0x61, 0x72, 0x64, 0x20, 0x77, 0x69
.byte 0x74, 0x68, 0x20, 0x66, 0x65, 0x74, 0x63, 0x68, 0x65, 0x64, 0x20, 0x73, 0x65, 0x6e, 0x73, 0x6f
.byte 0x72, 0x20, 0x64, 0x61, 0x74, 0x61, 0x0a, 0x20, 0x20, 0x20, 0x20, 0x20, 0x20, 0x20, 0x20, 0x61
.byte 0x73, 0x79, 0x6e, 0x63, 0x20, 0x66, 0x75, 0x6e, 0x63, 0x74, 0x69, 0x6f, 0x6e, 0x20, 0x75, 0x70
.byte 0x64, 0x61, 0x74, 0x65, 0x44, 0x61, 0x73, 0x68, 0x62, 0x6f, 0x61, 0x72, 0x64, 0x28, 0x29, 0x20
.byte 0x7b, 0x0a, 0x20, 0x20, 0x20, 0x20, 0x20, 0x20, 0x20, 0x20, 0x20, 0x20, 0x20, 0x20, 0x63, 0x6f
.byte 0x6e, 0x73, 0x74, 0x20, 0x64, 0x61, 0x74, 0x61, 0x20, 0x3d, 0x20, 0x61, 0x77, 0x61, 0x69, 0x74
.byte 0x20, 0x41, 0x50, 0x49, 0x2e, 0x66, 0x65, 0x74, 0x63, 0x68, 0x53, 0x65, 0x6e, 0x73, 0x6f, 0x72
.byte 0x73, 0x28, 0x29, 0x3b, 0x0a, 0x20, 0x20, 0x20, 0x20, 0x20, 0x20, 0x20, 0x20, 0x20, 0x20, 0x20
.byte 0x20, 0x63, 0x6f, 0x6e, 0x73, 0x74, 0x20, 0x73, 0x79, 0x73, 0x20, 0x3d, 0x20, 0x61, 0x77, 0x61
.byte 0x69, 0x74, 0x20, 0x41, 0x50, 0x49, 0x2e, 0x66, 0x65, 0x74, 0x63, 0x68, 0x53, 0x79, 0x73, 0x74
.byte 0x65, 0x6d, 0x49, 0x6e, 0x66, 0x6f, 0x28, 0x29, 0x3b, 0x0a, 0x0a, 0x20, 0x20, 0x20, 0x20, 0x20
.byte 0x20, 0x20, 0x20, 0x20, 0x20, 0x20, 0x20, 0x2f, 0x2f, 0x20, 0x55, 0x70, 0x64, 0x61, 0x74, 0x65
.byte 0x20, 0x54, 0x65, 0x6d, 0x70, 0x65, 0x72, 0x61, 0x74, 0x75, 0x72, 0x65, 0x20, 0x43, 0x61, 0x72
.byte 0x64, 0x0a, 0x20, 0x20, 0x20, 0x20, 0x20, 0x20, 0x20, 0x20, 0x20, 0x20, 0x20, 0x20, 0x64, 0x6f
.byte 0x63, 0x75, 0x6d, 0x65, 0x6e, 0x74, 0x2e, 0x67, 0x65, 0x74, 0x45, 0x6c, 0x65, 0x6d, 0x65, 0x6e
.byte 0x74, 0x42, 0x79, 0x49, 0x64, 0x28, 0x27, 0x74, 0x65, 0x6d, 0x70, 0x56, 0x61, 0x6c, 0x27, 0x29
.byte 0x2e, 0x69, 0x6e, 0x6e, 0x65, 0x72, 0x54, 0x65, 0x78, 0x74, 0x20, 0x3d, 0x20, 0x60, 0x24, 0x7b
.byte 0x64, 0x61, 0x74, 0x61, 0x2e, 0x74, 0x65, 0x6d, 0x70, 0x7d, 0x20, 0xc2, 0xb0, 0x43, 0x60, 0x3b
.byte 0x0a, 0x20, 0x20, 0x20, 0x20, 0x20, 0x20, 0x20, 0x20, 0x20, 0x20, 0x20, 0x20, 0x63, 0x6f, 0x6e
.byte 0x73, 0x74, 0x20, 0x74, 0x65, 0x6d, 0x70, 0x50, 0x65, 0x72, 0x63, 0x65, 0x6e, 0x74, 0x20, 0x3d
.byte 0x20, 0x4d, 0x61, 0x74, 0x68, 0x2e, 0x6d, 0x69, 0x6e, 0x28, 0x4d, 0x61, 0x74, 0x68, 0x2e, 0x6d
.byte 0x61, 0x78, 0x28, 0x28, 0x64, 0x61, 0x74, 0x61, 0x2e, 0x74, 0x65, 0x6d, 0x70, 0x20, 0x2f, 0x20
.byte 0x35, 0x30, 0x29, 0x20, 0x2a, 0x20, 0x31, 0x30, 0x30, 0x2c, 0x20, 0x30, 0x29, 0x2c, 0x20, 0x31
.byte 0x30, 0x30, 0x29, 0x3b, 0x0a, 0x20, 0x20, 0x20, 0x20, 0x20, 0x20, 0x20, 0x20, 0x20, 0x20, 0x20
.byte 0x20, 0x64, 0x6f, 0x63, 0x75, 0x6d, 0x65, 0x6e, 0x74, 0x2e, 0x67, 0x65, 0x74, 0x45, 0x6c, 0x65
.byte 0x6d, 0x65, 0x6e, 0x74, 0x42, 0x79, 0x49, 0x64, 0x28, 0x27, 0x74, 0x65, 0x6d, 0x70, 0x42, 0x61
.byte 0x72, 0x27, 0x29, 0x2e, 0x73, 0x74, 0x79, 0x6c, 0x65, 0x2e, 0x77, 0x69, 0x64, 0x74, 0x68, 0x20
.byte 0x3d, 0x20, 0x60, 0x24, 0x7b, 0x74, 0x65, 0x6d, 0x70, 0x50, 0x65, 0x72, 0x63, 0x65, 0x6e, 0x74
.byte 0x7d, 0x25, 0x60, 0x3b, 0x0a, 0x0a, 0x20, 0x20, 0x20, 0x20, 0x20, 0x20, 0x20, 0x20, 0x20, 0x20
.byte 0x20, 0x20, 0x2f, 0x2f, 0x20, 0x55, 0x70, 0x64, 0x61, 0x74, 0x65, 0x20, 0x48, 0x75, 0x6d, 0x69
.byte 0x64, 0x69, 0x74, 0x79, 0x20, 0x43, 0x61, 0x72, 0x64, 0x0a, 0x20, 0x20, 0x20, 0x20, 0x20, 0x20
.byte 0x20, 0x20, 0x20, 0x20, 0x20, 0x20, 0x64, 0x6f, 0x63, 0x75, 0x6d, 0x65, 0x6e, 0x74, 0x2e, 0x67
.byte 0x65, 0x74, 0x45, 0x6c, 0x65, 0x6d, 0x65, 0x6e, 0x74, 0x42, 0x79, 0x49, 0x64, 0x28, 0x27, 0x68
.byte 0x75, 0x6d, 0x69, 0x56, 0x61, 0x6c, 0x27, 0x29, 0x2e, 0x69, 0x6e, 0x6e, 0x65, 0x72, 0x54, 0x65
.byte 0x78, 0x74, 0x20, 0x3d, 0x20, 0x60, 0x24, 0x7b, 0x64, 0x61, 0x74, 0x61, 0x2e, 0x68, 0x75, 0x6d
.byte 0x69, 0x7d, 0x20, 0x25, 0x60, 0x3b, 0x0a, 0x20, 0x20, 0x20, 0x20, 0x20, 0x20, 0x20, 0x20, 0x20
.byte 0x20, 0x20, 0x20, 0x64, 0x6f, 0x63, 0x75, 0x6d, 0x65, 0x6e, 0x74, 0x2e, 0x67, 0x65, 0x74, 0x45
.byte 0x6c, 0x65, 0x6d, 0x65, 0x6e, 0x74, 0x42, 0x79, 0x49, 0x64, 0x28, 0x27, 0x68, 0x75, 0x6d, 0x69
.byte 0x42, 0x61, 0x72, 0x27, 0x29, 0x2e, 0x73, 0x74, 0x79, 0x6c, 0x65, 0x2e, 0x77, 0x69, 0x64, 0x74
.byte 0x68, 0x20, 0x3d, 0x20, 0x60, 0x24, 0x7b, 0x64, 0x61, 0x74, 0x61, 0x2e, 0x68, 0x75, 0x6d, 0x69
.byte 0x7d, 0x25, 0x60, 0x3b, 0x0a, 0x0a, 0x20, 0x20, 0x20, 0x20, 0x20, 0x20, 0x20, 0x20, 0x20, 0x20
.byte 0x20, 0x20, 0x2f, 0x2f, 0x20, 0x55, 0x70, 0x64, 0x61, 0x74, 0x65, 0x20, 0x4c, 0x69, 0x67, 0x68
.byte 0x74, 0x20, 0x43, 0x61, 0x72, 0x64, 0x0a, 0x20, 0x20, 0x20, 0x20, 0x20, 0x20, 0x20, 0x20, 0x20
.byte 0x20, 0x20, 0x20, 0x64, 0x6f, 0x63, 0x75, 0x6d, 0x65, 0x6e, 0x74, 0x2e, 0x67, 0x65, 0x74, 0x45
.byte 0x6c, 0x65, 0x6d, 0x65, 0x6e, 0x74, 0x42, 0x79, 0x49, 0x64, 0x28, 0x27, 0x6c, 0x69, 0x67, 0x68
.byte 0x74, 0x56, 0x61, 0x6c, 0x27, 0x29, 0x2e, 0x69, 0x6e, 0x6e, 0x65, 0x72, 0x54, 0x65, 0x78, 0x74
.byte 0x20, 0x3d, 0x20, 0x60, 0x24, 0x7b, 0x64, 0x61, 0x74, 0x61, 0x2e, 0x6c, 0x69, 0x67, 0x68, 0x74
.byte 0x7d, 0x20, 0x4c, 0x75, 0x78, 0x60, 0x3b, 0x0a, 0x20, 0x20, 0x20, 0x20, 0x20, 0x20, 0x20, 0x20
.byte 0x20, 0x20, 0x20, 0x20, 0x63, 0x6f, 0x6e, 0x73, 0x74, 0x20, 0x6c, 0x69, 0x67, 0x68, 0x74, 0x50
.byte 0x65, 0x72, 0x63, 0x65, 0x6e, 0x74, 0x20, 0x3d, 0x20, 0x4d, 0x61, 0x74, 0x68, 0x2e, 0x6d, 0x69
.byte 0x6e, 0x28, 0x4d, 0x61, 0x74, 0x68, 0x2e, 0x6d, 0x61, 0x78, 0x28, 0x28, 0x64, 0x61, 0x74, 0x61
.byte 0x2e, 0x6c, 0x69, 0x67, 0x68, 0x74, 0x20, 0x2f, 0x20, 0x31, 0x30, 0x30, 0x30, 0x29, 0x20, 0x2a
.byte 0x20, 0x31, 0x30, 0x30, 0x2c, 0x20, 0x30, 0x29, 0x2c, 0x20, 0x31, 0x30, 0x30, 0x29, 0x3b, 0x0a
.byte 0x20, 0x20, 0x20, 0x20, 0x20, 0x20, 0x20, 0x20, 0x20, 0x20, 0x20, 0x20, 0x64, 0x6f, 0x63, 0x75
.byte 0x6d, 0x65, 0x6e, 0x74, 0x2e, 0x67, 0x65, 0x74, 0x45, 0x6c, 0x65, 0x6d, 0x65, 0x6e, 0x74, 0x42
.byte 0x79, 0x49, 0x64, 0x28, 0x27, 0x6c, 0x69, 0x67, 0x68, 0x74, 0x42, 0x61, 0x72, 0x27, 0x29, 0x2e
.byte 0x73, 0x74, 0x79, 0x6c, 0x65, 0x2e, 0x77, 0x69, 0x64, 0x74, 0x68, 0x20, 0x3d, 0x20, 0x60, 0x24
.byte 0x7b, 0x6c, 0x69, 0x67, 0x68, 0x74, 0x50, 0x65, 0x72, 0x63, 0x65, 0x6e, 0x74, 0x7d, 0x25, 0x60
.byte 0x3b, 0x0a, 0x0a, 0x20, 0x20, 0x20, 0x20, 0x20, 0x20, 0x20, 0x20, 0x20, 0x20, 0x20, 0x20, 0x2f
.byte 0x2f, 0x20, 0x55, 0x70, 0x64, 0x61, 0x74, 0x65, 0x20, 0x53, 0x6f, 0x69, 0x6c, 0x20, 0x4d, 0x6f
.byte 0x69, 0x73, 0x74, 0x75, 0x72, 0x65, 0x20, 0x43, 0x61, 0x72, 0x64, 0x0a, 0x20, 0x20, 0x20, 0x20
.byte 0x20, 0x20, 0x20, 0x20, 0x20, 0x20, 0x20, 0x20, 0x64, 0x6f, 0x63, 0x75, 0x6d, 0x65, 0x6e, 0x74
.byte 0x2e, 0x67, 0x65, 0x74, 0x45, 0x6c, 0x65, 0x6d, 0x65, 0x6e, 0x74, 0x42, 0x79, 0x49, 0x64, 0x28
.byte 0x27, 0x73, 0x6f, 0x69, 0x6c, 0x56, 0x61, 0x6c, 0x27, 0x29, 0x2e, 0x69, 0x6e, 0x6e, 0x65, 0x72
.byte 0x54, 0x65, 0x78, 0x74, 0x20, 0x3d, 0x20, 0x60, 0x24, 0x7b, 0x64, 0x61, 0x74, 0x61, 0x2e, 0x73
.byte 0x6f, 0x69, 0x6c, 0x7d, 0x20, 0x25, 0x60, 0x3b, 0x0a, 0x20, 0x20, 0x20, 0x20, 0x20, 0x20, 0x20
.byte 0x20, 0x20, 0x20, 0x20, 0x20, 0x64, 0x6f, 0x63, 0x75, 0x6d, 0x65, 0x6e, 0x74, 0x2e, 0x67, 0x65
.byte 0x74, 0x45, 0x6c, 0x65, 0x6d, 0x65, 0x6e, 0x74, 0x42, 0x79, 0x49, 0x64, 0x28, 0x27, 0x73, 0x6f
.byte 0x69, 0x6c, 0x42, 0x61, 0x72, 0x27, 0x29, 0x2e, 0x73, 0x74, 0x79, 0x6c, 0x65, 0x2e, 0x77, 0x69
.byte 0x64, 0x74, 0x68, 0x20, 0x3d, 0x20, 0x60, 0x24, 0x7b, 0x64, 0x61, 0x74, 0x61, 0x2e, 0x73, 0x6f
.byte 0x69, 0x6c, 0x7d, 0x25, 0x60, 0x3b, 0x0a, 0x0a, 0x20, 0x20, 0x20, 0x20, 0x20, 0x20, 0x20, 0x20
.byte 0x20, 0x20, 0x20, 0x20, 0x2f, 0x2f, 0x20, 0x55, 0x70, 0x64, 0x61, 0x74, 0x65, 0x20, 0x48, 0x65
.byte 0x61, 0x70, 0x20, 0x6d, 0x65, 0x6d, 0x6f, 0x72, 0x79, 0x20, 0x74, 0x65, 0x78, 0x74, 0x0a, 0x20
.byte 0x20, 0x20, 0x20, 0x20, 0x20, 0x20, 0x20, 0x20, 0x20, 0x20, 0x20, 0x69, 0x66, 0x20, 0x28, 0x73
.byte 0x79, 0x73, 0x2e, 0x68, 0x65, 0x61, 0x70, 0x29, 0x20, 0x7b, 0x0a, 0x20, 0x20, 0x20, 0x20, 0x20
.byte 0x20, 0x20, 0x20, 0x20, 0x20, 0x20, 0x20, 0x20, 0x20, 0x20, 0x20, 0x64, 0x6f, 0x63, 0x75, 0x6d
.byte 0x65, 0x6e, 0x74, 0x2e, 0x67, 0x65, 0x74, 0x45, 0x6c, 0x65, 0x6d, 0x65, 0x6e, 0x74, 0x42, 0x79
.byte 0x49, 0x64, 0x28, 0x27, 0x68, 0x65, 0x61, 0x70, 0x54, 0x65, 0x78, 0x74, 0x27, 0x29, 0x2e, 0x69
.byte 0x6e, 0x6e, 0x65, 0x72, 0x54, 0x65, 0x78, 0x74, 0x20, 0x3d, 0x20, 0x60, 0x24, 0x7b, 0x73, 0x79
.byte 0x73, 0x2e, 0x68, 0x65, 0x61, 0x70, 0x2e, 0x74, 0x6f, 0x4c, 0x6f, 0x63, 0x61, 0x6c, 0x65, 0x53
.byte 0x74, 0x72, 0x69, 0x6e, 0x67, 0x28, 0x29, 0x7d, 0x20, 0x62, 0x79, 0x74, 0x65, 0x73, 0x60, 0x3b
.byte 0x0a, 0x20, 0x20, 0x20, 0x20, 0x20, 0x20, 0x20, 0x20, 0x20, 0x20, 0x20, 0x20, 0x7d, 0x0a, 0x0a
.byte 0x20, 0x20, 0x20, 0x20, 0x20, 0x20, 0x20, 0x20, 0x20, 0x20, 0x20, 0x20, 0x2f, 0x2f, 0x20, 0x55
.byte 0x70, 0x64, 0x61, 0x74, 0x65, 0x20, 0x43, 0x68, 0x61, 0x72, 0x74, 0x0a, 0x20, 0x20, 0x20, 0x20
.byte 0x20, 0x20, 0x20, 0x20, 0x20, 0x20, 0x20, 0x20, 0x63, 0x6f, 0x6e, 0x73, 0x74, 0x20, 0x6e, 0x6f
.byte 0x77, 0x20, 0x3d, 0x20, 0x6e, 0x65, 0x77, 0x20, 0x44, 0x61, 0x74, 0x65, 0x28, 0x29, 0x2e, 0x74
.byte 0x6f, 0x4c, 0x6f, 0x63, 0x61, 0x6c, 0x65, 0x54, 0x69, 0x6d, 0x65, 0x53, 0x74, 0x72, 0x69, 0x6e
.byte 0x67, 0x28, 0x5b, 0x5d, 0x2c, 0x20, 0x7b, 0x20, 0x68, 0x6f, 0x75, 0x72, 0x3a, 0x20, 0x27, 0x32
.byte 0x2d, 0x64, 0x69, 0x67, 0x69, 0x74, 0x27, 0x2c, 0x20, 0x6d, 0x69, 0x6e, 0x75, 0x74, 0x65, 0x3a
.byte 0x20, 0x27, 0x32, 0x2d, 0x64, 0x69, 0x67, 0x69, 0x74, 0x27, 0x2c, 0x20, 0x73, 0x65, 0x63, 0x6f
.byte 0x6e, 0x64, 0x3a, 0x20, 0x27, 0x32, 0x2d, 0x64, 0x69, 0x67, 0x69, 0x74, 0x27, 0x20, 0x7d, 0x29
.byte 0x3b, 0x0a, 0x20, 0x20, 0x20, 0x20, 0x20, 0x20, 0x20, 0x20, 0x20, 0x20, 0x20, 0x20, 0x69, 0x66
.byte 0x20, 0x28, 0x73, 0x65, 0x6e, 0x73, 0x6f, 0x72, 0x43, 0x68, 0x61, 0x72, 0x74, 0x2e, 0x64, 0x61
.byte 0x74, 0x61, 0x2e, 0x6c, 0x61, 0x62, 0x65, 0x6c, 0x73, 0x2e, 0x6c, 0x65, 0x6e, 0x67, 0x74, 0x68
.byte 0x20, 0x3e, 0x20, 0x31, 0x30, 0x29, 0x20, 0x7b, 0x0a, 0x20, 0x20, 0x20, 0x20, 0x20, 0x20, 0x20
.byte 0x20, 0x20, 0x20, 0x20, 0x20, 0x20, 0x20, 0x20, 0x20, 0x73, 0x65, 0x6e, 0x73, 0x6f, 0x72, 0x43
.byte 0x68, 0x61, 0x72, 0x74, 0x2e, 0x64, 0x61, 0x74, 0x61, 0x2e, 0x6c, 0x61, 0x62, 0x65, 0x6c, 0x73
.byte 0x2e, 0x73, 0x68, 0x69, 0x66, 0x74, 0x28, 0x29, 0x3b, 0x0a, 0x20, 0x20, 0x20, 0x20, 0x20, 0x20
.byte 0x20, 0x20, 0x20, 0x20, 0x20, 0x20, 0x20, 0x20, 0x20, 0x20, 0x73, 0x65, 0x6e, 0x73, 0x6f, 0x72
.byte 0x43, 0x68, 0x61, 0x72, 0x74, 0x2e, 0x64, 0x61, 0x74, 0x61, 0x2e, 0x64, 0x61, 0x74, 0x61, 0x73
.byte 0x65, 0x74, 0x73, 0x5b, 0x30, 0x5d, 0x2e, 0x64, 0x61, 0x74, 0x61, 0x2e, 0x73, 0x68, 0x69, 0x66
.byte 0x74, 0x28, 0x29, 0x3b, 0x0a, 0x20, 0x20, 0x20, 0x20, 0x20, 0x20, 0x20, 0x20, 0x20, 0x20, 0x20
.byte 0x20, 0x20, 0x20, 0x20, 0x20, 0x73, 0x65, 0x6e, 0x73, 0x6f, 0x72, 0x43, 0x68, 0x61, 0x72, 0x74
.byte 0x2e, 0x64, 0x61, 0x74, 0x61, 0x2e, 0x64, 0x61, 0x74, 0x61, 0x73, 0x65, 0x74, 0x73, 0x5b, 0x31
.byte 0x5d, 0x2e, 0x64, 0x61, 0x74, 0x61, 0x2e, 0x73, 0x68, 0x69, 0x66, 0x74, 0x28, 0x29, 0x3b, 0x0a
.byte 0x20, 0x20, 0x20, 0x20, 0x20, 0x20, 0x20, 0x20, 0x20, 0x20, 0x20, 0x20, 0x7d, 0x0a, 0x20, 0x20
.byte 0x20, 0x20, 0x20, 0x20, 0x20, 0x20, 0x20, 0x20, 0x20, 0x20, 0x73, 0x65, 0x6e, 0x73, 0x6f, 0x72
.byte 0x43, 0x68, 0x61, 0x72, 0x74, 0x2e, 0x64, 0x61, 0x74, 0x61, 0x2e, 0x6c, 0x61, 0x62, 0x65, 0x6c
.byte 0x73, 0x2e, 0x70, 0x75, 0x73, 0x68, 0x28, 0x6e, 0x6f, 0x77, 0x29, 0x3b, 0x0a, 0x20, 0x20, 0x20
.byte 0x20, 0x20, 0x20, 0x20, 0x20, 0x20, 0x20, 0x20, 0x20, 0x73, 0x65, 0x6e, 0x73, 0x6f, 0x72, 0x43
.byte 0x68, 0x61, 0x72, 0x74, 0x2e, 0x64, 0x61, 0x74, 0x61, 0x2e, 0x64, 0x61, 0x74, 0x61, 0x73, 0x65
.byte 0x74, 0x73, 0x5b, 0x30, 0x5d, 0x2e, 0x64, 0x61, 0x74, 0x61, 0x2e, 0x70, 0x75, 0x73, 0x68, 0x28
.byte 0x64, 0x61, 0x74, 0x61, 0x2e, 0x74, 0x65, 0x6d, 0x70, 0x29, 0x3b, 0x0a, 0x20, 0x20, 0x20, 0x20
.byte 0x20, 0x20, 0x20, 0x20, 0x20, 0x20, 0x20, 0x20, 0x73, 0x65, 0x6e, 0x73, 0x6f, 0x72, 0x43, 0x68
.byte 0x61, 0x72, 0x74, 0x2e, 0x64, 0x61, 0x74, 0x61, 0x2e, 0x64, 0x61, 0x74, 0x61, 0x73, 0x65, 0x74
.byte 0x73, 0x5b, 0x31, 0x5d, 0x2e, 0x64, 0x61, 0x74, 0x61, 0x2e, 0x70, 0x75, 0x73, 0x68, 0x28, 0x64
.byte 0x61, 0x74, 0x61, 0x2e, 0x68, 0x75, 0x6d, 0x69, 0x29, 0x3b, 0x0a, 0x20, 0x20, 0x20, 0x20, 0x20
.byte 0x20, 0x20, 0x20, 0x20, 0x20, 0x20, 0x20, 0x73, 0x65, 0x6e, 0x73, 0x6f, 0x72, 0x43, 0x68, 0x61
.byte 0x72, 0x74, 0x2e, 0x75, 0x70, 0x64, 0x61, 0x74, 0x65, 0x28, 0x29, 0x3b, 0x0a, 0x0a, 0x20, 0x20
.byte 0x20, 0x20, 0x20, 0x20, 0x20, 0x20, 0x20, 0x20, 0x20, 0x20, 0x2f, 0x2f, 0x20, 0x55, 0x70, 0x64
.byte 0x61, 0x74, 0x65, 0x20, 0x4c, 0x61, 0x73, 0x74, 0x20, 0x53, 0x79, 0x6e, 0x63, 0x20, 0x54, 0x69
.byte 0x6d, 0x65, 0x0a, 0x20, 0x20, 0x20, 0x20, 0x20, 0x20, 0x20, 0x20, 0x20, 0x20, 0x20, 0x20, 0x64
.byte 0x6f, 0x63, 0x75, 0x6d, 0x65, 0x6e, 0x74, 0x2e, 0x67, 0x65, 0x74, 0x45, 0x6c, 0x65, 0x6d, 0x65
.byte 0x6e, 0x74, 0x42, 0x79, 0x49, 0x64, 0x28, 0x27, 0x6c, 0x61, 0x73, 0x74, 0x53, 0x79, 0x6e, 0x63
.byte 0x27, 0x29, 0x2e, 0x69, 0x6e, 0x6e, 0x65, 0x72, 0x54, 0x65, 0x78, 0x74, 0x20, 0x3d, 0x20, 0x6e
.byte 0x6f, 0x77, 0x3b, 0x0a, 0x20, 0x20, 0x20, 0x20, 0x20, 0x20, 0x20, 0x20, 0x20, 0x20, 0x20, 0x20
.byte 0x75, 0x70, 0x64, 0x61, 0x74, 0x65, 0x43, 0x6f, 0x6e, 0x6e, 0x65, 0x63, 0x74, 0x69, 0x6f, 0x6e
.byte 0x53, 0x74, 0x61, 0x74, 0x75, 0x73, 0x28, 0x74, 0x72, 0x75, 0x65, 0x29, 0x3b, 0x0a, 0x20, 0x20
.byte 0x20, 0x20, 0x20, 0x20, 0x20, 0x20, 0x7d, 0x0a, 0x0a, 0x20, 0x20, 0x20, 0x20, 0x20, 0x20, 0x20
.byte 0x20, 0x2f, 0x2f, 0x20, 0x48, 0x65, 0x6c, 0x70, 0x65, 0x72, 0x20, 0x74, 0x6f, 0x20, 0x73, 0x77
.byte 0x69, 0x74, 0x63, 0x68, 0x20, 0x53, 0x69, 0x6d, 0x75, 0x6c, 0x61, 0x74, 0x69, 0x6f, 0x6e, 0x20
.byte 0x4d, 0x6f, 0x64, 0x65, 0x0a, 0x20, 0x20, 0x20, 0x20, 0x20, 0x20, 0x20, 0x20, 0x66, 0x75, 0x6e
.byte 0x63, 0x74, 0x69, 0x6f, 0x6e, 0x20, 0x74, 0x6f, 0x67, 0x67, 0x6c, 0x65, 0x53, 0x69, 0x6d, 0x4d
.byte 0x6f, 0x64, 0x65, 0x28, 0x29, 0x20, 0x7b, 0x0a, 0x20, 0x20, 0x20, 0x20, 0x20, 0x20, 0x20, 0x20
.byte 0x20, 0x20, 0x20, 0x20, 0x41, 0x50, 0x49, 0x2e, 0x75, 0x73, 0x65, 0x53, 0x69, 0x6d, 0x75, 0x6c
.byte 0x61, 0x74, 0x69, 0x6f, 0x6e, 0x4d, 0x6f, 0x64, 0x65, 0x20, 0x3d, 0x20, 0x21, 0x41, 0x50, 0x49
.byte 0x2e, 0x75, 0x73, 0x65, 0x53, 0x69, 0x6d, 0x75, 0x6c, 0x61, 0x74, 0x69, 0x6f, 0x6e, 0x4d, 0x6f
.byte 0x64, 0x65, 0x3b, 0x0a, 0x20, 0x20, 0x20, 0x20, 0x20, 0x20, 0x20, 0x20, 0x20, 0x20, 0x20, 0x20
.byte 0x63, 0x6f, 0x6e, 0x73, 0x74, 0x20, 0x62, 0x74, 0x6e, 0x54, 0x65, 0x78, 0x74, 0x20, 0x3d, 0x20
.byte 0x64, 0x6f, 0x63, 0x75, 0x6d, 0x65, 0x6e, 0x74, 0x2e, 0x67, 0x65, 0x74, 0x45, 0x6c, 0x65, 0x6d
.byte 0x65, 0x6e, 0x74, 0x42, 0x79, 0x49, 0x64, 0x28, 0x27, 0x73, 0x69, 0x6d, 0x53, 0x74, 0x61, 0x74
.byte 0x75, 0x73, 0x54, 0x65, 0x78, 0x74, 0x27, 0x29, 0x3b, 0x0a, 0x20, 0x20, 0x20, 0x20, 0x20, 0x20
.byte 0x20, 0x20, 0x20, 0x20, 0x20, 0x20, 0x69, 0x66, 0x20, 0x28, 0x41, 0x50, 0x49, 0x2e, 0x75, 0x73
.byte 0x65, 0x53, 0x69, 0x6d, 0x75, 0x6c, 0x61, 0x74, 0x69, 0x6f, 0x6e, 0x4d, 0x6f, 0x64, 0x65, 0x29
.byte 0x20, 0x7b, 0x0a, 0x20, 0x20, 0x20, 0x20, 0x20, 0x20, 0x20, 0x20, 0x20, 0x20, 0x20, 0x20, 0x20
.byte 0x20, 0x20, 0x20, 0x62, 0x74, 0x6e, 0x54, 0x65, 0x78, 0x74, 0x2e, 0x69, 0x6e, 0x6e, 0x65, 0x72
.byte 0x54, 0x65, 0x78, 0x74, 0x20, 0x3d, 0x20, 0x22, 0x4d, 0x6f, 0x63, 0x6b, 0x20, 0x44, 0x61, 0x74
.byte 0x61, 0x3a, 0x20, 0x4f, 0x4e, 0x22, 0x3b, 0x0a, 0x20, 0x20, 0x20, 0x20, 0x20, 0x20, 0x20, 0x20
.byte 0x20, 0x20, 0x20, 0x20, 0x20, 0x20, 0x20, 0x20, 0x62, 0x74, 0x6e, 0x54, 0x65, 0x78, 0x74, 0x2e
.byte 0x70, 0x61, 0x72, 0x65, 0x6e, 0x74, 0x45, 0x6c, 0x65, 0x6d, 0x65, 0x6e, 0x74, 0x2e, 0x63, 0x6c
.byte 0x61, 0x73, 0x73, 0x4c, 0x69, 0x73, 0x74, 0x2e, 0x72, 0x65, 0x70, 0x6c, 0x61, 0x63, 0x65, 0x28
.byte 0x27, 0x74, 0x65, 0x78, 0x74, 0x2d, 0x73, 0x6c, 0x61, 0x74, 0x65, 0x2d, 0x34, 0x30, 0x30, 0x27
.byte 0x2c, 0x20, 0x27, 0x74, 0x65, 0x78, 0x74, 0x2d, 0x61, 0x6d, 0x62, 0x65, 0x72, 0x2d, 0x34, 0x30
.byte 0x30, 0x27, 0x29, 0x3b, 0x0a, 0x20, 0x20, 0x20, 0x20, 0x20, 0x20, 0x20, 0x20, 0x20, 0x20, 0x20
.byte 0x20, 0x7d, 0x20, 0x65, 0x6c, 0x73, 0x65, 0x20, 0x7b, 0x0a, 0x20, 0x20, 0x20, 0x20, 0x20, 0x20
.byte 0x20, 0x20, 0x20, 0x20, 0x20, 0x20, 0x20, 0x20, 0x20, 0x20, 0x62, 0x74, 0x6e, 0x54, 0x65, 0x78
.byte 0x74, 0x2e, 0x69, 0x6e, 0x6e, 0x65, 0x72, 0x54, 0x65, 0x78, 0x74, 0x20, 0x3d, 0x20, 0x22, 0x45
.byte 0x53, 0x50, 0x33, 0x32, 0x20, 0x4c, 0x69, 0x76, 0x65, 0x3a, 0x20, 0x4f, 0x4e, 0x22, 0x3b, 0x0a
.byte 0x20, 0x20, 0x20, 0x20, 0x20, 0x20, 0x20, 0x20, 0x20, 0x20, 0x20, 0x20, 0x20, 0x20, 0x20, 0x20
.byte 0x62, 0x74, 0x6e, 0x54, 0x65, 0x78, 0x74, 0x2e, 0x70, 0x61, 0x72, 0x65, 0x6e, 0x74, 0x45, 0x6c
.byte 0x65, 0x6d, 0x65, 0x6e, 0x74, 0x2e, 0x63, 0x6c, 0x61, 0x73, 0x73, 0x4c, 0x69, 0x73, 0x74, 0x2e
.byte 0x72, 0x65, 0x70, 0x6c, 0x61, 0x63, 0x65, 0x28, 0x27, 0x74, 0x65, 0x78, 0x74, 0x2d, 0x61, 0x6d
.byte 0x62, 0x65, 0x72, 0x2d, 0x34, 0x30, 0x30, 0x27, 0x2c, 0x20, 0x27, 0x74, 0x65, 0x78, 0x74, 0x2d
.byte 0x65, 0x6d, 0x65, 0x72, 0x61, 0x6c, 0x64, 0x2d, 0x34, 0x30, 0x30, 0x27, 0x29, 0x3b, 0x0a, 0x20
.byte 0x20, 0x20, 0x20, 0x20, 0x20, 0x20, 0x20, 0x20, 0x20, 0x20, 0x20, 0x7d, 0x0a, 0x20, 0x20, 0x20
.byte 0x20, 0x20, 0x20, 0x20, 0x20, 0x20, 0x20, 0x20, 0x20, 0x75, 0x70, 0x64, 0x61, 0x74, 0x65, 0x44
.byte 0x61, 0x73, 0x68, 0x62, 0x6f, 0x61, 0x72, 0x64, 0x28, 0x29, 0x3b, 0x0a, 0x20, 0x20, 0x20, 0x20
.byte 0x20, 0x20, 0x20, 0x20, 0x7d, 0x0a, 0x0a, 0x20, 0x20, 0x20, 0x20, 0x20, 0x20, 0x20, 0x20, 0x66
.byte 0x75, 0x6e, 0x63, 0x74, 0x69, 0x6f, 0x6e, 0x20, 0x75, 0x70, 0x64, 0x61, 0x74, 0x65, 0x43, 0x6f
.byte 0x6e, 0x6e, 0x65, 0x63, 0x74, 0x69, 0x6f, 0x6e, 0x53, 0x74, 0x61, 0x74, 0x75, 0x73, 0x28, 0x69
.byte 0x73, 0x4f, 0x6e, 0x6c, 0x69, 0x6e, 0x65, 0x29, 0x20, 0x7b, 0x0a, 0x20, 0x20, 0x20, 0x20, 0x20
.byte 0x20, 0x20, 0x20, 0x20, 0x20, 0x20, 0x20, 0x63, 0x6f, 0x6e, 0x73, 0x74, 0x20, 0x63, 0x6f, 0x6e
.byte 0x6e, 0x54, 0x65, 0x78, 0x74, 0x20, 0x3d, 0x20, 0x64, 0x6f, 0x63, 0x75, 0x6d, 0x65, 0x6e, 0x74
.byte 0x2e, 0x67, 0x65, 0x74, 0x45, 0x6c, 0x65, 0x6d, 0x65, 0x6e, 0x74, 0x42, 0x79, 0x49, 0x64, 0x28
.byte 0x27, 0x63, 0x6f, 0x6e, 0x6e, 0x54, 0x65, 0x78, 0x74, 0x27, 0x29, 0x3b, 0x0a, 0x20, 0x20, 0x20
.byte 0x20, 0x20, 0x20, 0x20, 0x20, 0x20, 0x20, 0x20, 0x20, 0x63, 0x6f, 0x6e, 0x73, 0x74, 0x20, 0x64
.byte 0x6f, 0x74, 0x20, 0x3d, 0x20, 0x64, 0x6f, 0x63, 0x75, 0x6d, 0x65, 0x6e, 0x74, 0x2e, 0x67, 0x65
.byte 0x74, 0x45, 0x6c, 0x65, 0x6d, 0x65, 0x6e, 0x74, 0x42, 0x79, 0x49, 0x64, 0x28, 0x27, 0x70, 0x69
.byte 0x6e, 0x67, 0x44, 0x6f, 0x74, 0x27, 0x29, 0x3b, 0x0a, 0x20, 0x20, 0x20, 0x20, 0x20, 0x20, 0x20
.byte 0x20, 0x20, 0x20, 0x20, 0x20, 0x63, 0x6f, 0x6e, 0x73, 0x74, 0x20, 0x70, 0x75, 0x6c, 0x73, 0x65
.byte 0x20, 0x3d, 0x20, 0x64, 0x6f, 0x63, 0x75, 0x6d, 0x65, 0x6e, 0x74, 0x2e, 0x67, 0x65, 0x74, 0x45
.byte 0x6c, 0x65, 0x6d, 0x65, 0x6e, 0x74, 0x42, 0x79, 0x49, 0x64, 0x28, 0x27, 0x70, 0x69, 0x6e, 0x67
.byte 0x50, 0x75, 0x6c, 0x73, 0x65, 0x27, 0x29, 0x3b, 0x0a, 0x0a, 0x20, 0x20, 0x20, 0x20, 0x20, 0x20
.byte 0x20, 0x20, 0x20, 0x20, 0x20, 0x20, 0x69, 0x66, 0x20, 0x28, 0x69, 0x73, 0x4f, 0x6e, 0x6c, 0x69
.byte 0x6e, 0x65, 0x29, 0x20, 0x7b, 0x0a, 0x20, 0x20, 0x20, 0x20, 0x20, 0x20, 0x20, 0x20, 0x20, 0x20
.byte 0x20, 0x20, 0x20, 0x20, 0x20, 0x20, 0x63, 0x6f, 0x6e, 0x6e, 0x54, 0x65, 0x78, 0x74, 0x2e, 0x69
.byte 0x6e, 0x6e, 0x65, 0x72, 0x54, 0x65, 0x78, 0x74, 0x20, 0x3d, 0x20, 0x41, 0x50, 0x49, 0x2e, 0x75
.byte 0x73, 0x65, 0x53, 0x69, 0x6d, 0x75, 0x6c, 0x61, 0x74, 0x69, 0x6f, 0x6e, 0x4d, 0x6f, 0x64, 0x65
.byte 0x20, 0x3f, 0x20, 0x22, 0x53, 0x69, 0x6d, 0x75, 0x6c, 0x61, 0x74, 0x69, 0x6f, 0x6e, 0x22, 0x20
.byte 0x3a, 0x20, 0x22, 0x45, 0x53, 0x50, 0x33, 0x32, 0x20, 0x4f, 0x6e, 0x6c, 0x69, 0x6e, 0x65, 0x22
.byte 0x3b, 0x0a, 0x20, 0x20, 0x20, 0x20, 0x20, 0x20, 0x20, 0x20, 0x20, 0x20, 0x20, 0x20, 0x20, 0x20
.byte 0x20, 0x20, 0x64, 0x6f, 0x74, 0x2e, 0x63, 0x6c, 0x61, 0x73, 0x73, 0x4e, 0x61, 0x6d, 0x65, 0x20
.byte 0x3d, 0x20, 0x22, 0x72, 0x65, 0x6c, 0x61, 0x74, 0x69, 0x76, 0x65, 0x20, 0x69, 0x6e, 0x6c, 0x69
.byte 0x6e, 0x65, 0x2d, 0x66, 0x6c, 0x65, 0x78, 0x20, 0x72, 0x6f, 0x75, 0x6e, 0x64, 0x65, 0x64, 0x2d
.byte 0x66, 0x75, 0x6c, 0x6c, 0x20, 0x68, 0x2d, 0x32, 0x2e, 0x35, 0x20, 0x77, 0x2d, 0x32, 0x2e, 0x35
.byte 0x20, 0x62, 0x67, 0x2d, 0x65, 0x6d, 0x65, 0x72, 0x61, 0x6c, 0x64, 0x2d, 0x35, 0x30, 0x30, 0x22
.byte 0x3b, 0x0a, 0x20, 0x20, 0x20, 0x20, 0x20, 0x20, 0x20, 0x20, 0x20, 0x20, 0x20, 0x20, 0x20, 0x20
.byte 0x20, 0x20, 0x70, 0x75, 0x6c, 0x73, 0x65, 0x2e, 0x63, 0x6c, 0x61, 0x73, 0x73, 0x4e, 0x61, 0x6d
.byte 0x65, 0x20, 0x3d, 0x20, 0x22, 0x61, 0x6e, 0x69, 0x6d, 0x61, 0x74, 0x65, 0x2d, 0x70, 0x69, 0x6e
.byte 0x67, 0x20, 0x61, 0x62, 0x73, 0x6f, 0x6c, 0x75, 0x74, 0x65, 0x20, 0x69, 0x6e, 0x6c, 0x69, 0x6e
.byte 0x65, 0x2d, 0x66, 0x6c, 0x65, 0x78, 0x20, 0x68, 0x2d, 0x66, 0x75, 0x6c, 0x6c, 0x20, 0x77, 0x2d
.byte 0x66, 0x75, 0x6c, 0x6c, 0x20, 0x72, 0x6f, 0x75, 0x6e, 0x64, 0x65, 0x64, 0x2d, 0x66, 0x75, 0x6c
.byte 0x6c, 0x20, 0x62, 0x67, 0x2d, 0x65, 0x6d, 0x65, 0x72, 0x61, 0x6c, 0x64, 0x2d, 0x34, 0x30, 0x30
.byte 0x20, 0x6f, 0x70, 0x61, 0x63, 0x69, 0x74, 0x79, 0x2d, 0x37, 0x35, 0x22, 0x3b, 0x0a, 0x20, 0x20
.byte 0x20, 0x20, 0x20, 0x20, 0x20, 0x20, 0x20, 0x20, 0x20, 0x20, 0x7d, 0x20, 0x65, 0x6c, 0x73, 0x65
.byte 0x20, 0x7b, 0x0a, 0x20, 0x20, 0x20, 0x20, 0x20, 0x20, 0x20, 0x20, 0x20, 0x20, 0x20, 0x20, 0x20
.byte 0x20, 0x20, 0x20, 0x63, 0x6f, 0x6e, 0x6e, 0x54, 0x65, 0x78, 0x74, 0x2e, 0x69, 0x6e, 0x6e, 0x65
.byte 0x72, 0x54, 0x65, 0x78, 0x74, 0x20, 0x3d, 0x20, 0x22, 0x44, 0x69, 0x73, 0x63, 0x6f, 0x6e, 0x6e
.byte 0x65, 0x63, 0x74, 0x65, 0x64, 0x22, 0x3b, 0x0a, 0x20, 0x20, 0x20, 0x20, 0x20, 0x20, 0x20, 0x20
.byte 0x20, 0x20, 0x20, 0x20, 0x20, 0x20, 0x20, 0x20, 0x64, 0x6f, 0x74, 0x2e, 0x63, 0x6c, 0x61, 0x73
.byte 0x73, 0x4e, 0x61, 0x6d, 0x65, 0x20, 0x3d, 0x20, 0x22, 0x72, 0x65, 0x6c, 0x61, 0x74, 0x69, 0x76
.byte 0x65, 0x20, 0x69, 0x6e, 0x6c, 0x69, 0x6e, 0x65, 0x2d, 0x66, 0x6c, 0x65, 0x78, 0x20, 0x72, 0x6f
.byte 0x75, 0x6e, 0x64, 0x65, 0x64, 0x2d, 0x66, 0x75, 0x6c, 0x6c, 0x20, 0x68, 0x2d, 0x32, 0x2e, 0x35
.byte 0x20, 0x77, 0x2d, 0x32, 0x2e, 0x35, 0x20, 0x62, 0x67, 0x2d, 0x72, 0x65, 0x64, 0x2d, 0x35, 0x30
.byte 0x30, 0x22, 0x3b, 0x0a, 0x20, 0x20, 0x20, 0x20, 0x20, 0x20, 0x20, 0x20, 0x20, 0x20, 0x20, 0x20
.byte 0x20, 0x20, 0x20, 0x20, 0x70, 0x75, 0x6c, 0x73, 0x65, 0x2e, 0x63, 0x6c, 0x61, 0x73, 0x73, 0x4e
.byte 0x61, 0x6d, 0x65, 0x20, 0x3d, 0x20, 0x22, 0x68, 0x69, 0x64, 0x64, 0x65, 0x6e, 0x22, 0x3b, 0x0a
.byte 0x20, 0x20, 0x20, 0x20, 0x20, 0x20, 0x20, 0x20, 0x20, 0x20, 0x20, 0x20, 0x7d, 0x0a, 0x20, 0x20
.byte 0x20, 0x20, 0x20, 0x20, 0x20, 0x20, 0x7d, 0x0a, 0x0a, 0x20, 0x20, 0x20, 0x20, 0x20, 0x20, 0x20
.byte 0x20, 0x2f, 0x2f, 0x20, 0x49, 0x6e, 0x69, 0x74, 0x69, 0x61, 0x6c, 0x69, 0x7a, 0x65, 0x20, 0x41
.byte 0x70, 0x70, 0x20, 0x6f, 0x6e, 0x20, 0x50, 0x61, 0x67, 0x65, 0x20, 0x4c, 0x6f, 0x61, 0x64, 0x0a
.byte 0x20, 0x20, 0x20, 0x20, 0x20, 0x20, 0x20, 0x20, 0x77, 0x69, 0x6e, 0x64, 0x6f, 0x77, 0x2e, 0x6f
.byte 0x6e, 0x6c, 0x6f, 0x61, 0x64, 0x20, 0x3d, 0x20, 0x66, 0x75, 0x6e, 0x63, 0x74, 0x69, 0x6f, 0x6e
.byte 0x28, 0x29, 0x20, 0x7b, 0x0a, 0x20, 0x20, 0x20, 0x20, 0x20, 0x20, 0x20, 0x20, 0x20, 0x20, 0x20
.byte 0x20, 0x69, 0x6e, 0x69, 0x74, 0x43, 0x68, 0x61, 0x72, 0x74, 0x28, 0x29, 0x3b, 0x0a, 0x20, 0x20
.byte 0x20, 0x20, 0x20, 0x20, 0x20, 0x20, 0x20, 0x20, 0x20, 0x20, 0x75, 0x70, 0x64, 0x61, 0x74, 0x65
.byte 0x44, 0x61, 0x73, 0x68, 0x62, 0x6f, 0x61, 0x72, 0x64, 0x28, 0x29, 0x3b, 0x0a, 0x20, 0x20, 0x20
.byte 0x20, 0x20, 0x20, 0x20, 0x20, 0x20, 0x20, 0x20, 0x20, 0x2f, 0x2f, 0x20, 0x50, 0x6f, 0x6c, 0x6c
.byte 0x20, 0x73, 0x65, 0x6e, 0x73, 0x6f, 0x72, 0x20, 0x64, 0x61, 0x74, 0x61, 0x20, 0x65, 0x76, 0x65
.byte 0x72, 0x79, 0x20, 0x33, 0x20, 0x73, 0x65, 0x63, 0x6f, 0x6e, 0x64, 0x73, 0x0a, 0x20, 0x20, 0x20
.byte 0x20, 0x20, 0x20, 0x20, 0x20, 0x20, 0x20, 0x20, 0x20, 0x73, 0x65, 0x74, 0x49, 0x6e, 0x74, 0x65
.byte 0x72, 0x76, 0x61, 0x6c, 0x28, 0x75, 0x70, 0x64, 0x61, 0x74, 0x65, 0x44, 0x61, 0x73, 0x68, 0x62
.byte 0x6f, 0x61, 0x72, 0x64, 0x2c, 0x20, 0x33, 0x30, 0x30, 0x30, 0x29, 0x3b, 0x0a, 0x20, 0x20, 0x20
.byte 0x20, 0x20, 0x20, 0x20, 0x20, 0x7d, 0x3b, 0x0a, 0x20, 0x20, 0x20, 0x20, 0x3c, 0x2f, 0x73, 0x63
.byte 0x72, 0x69, 0x70, 0x74, 0x3e, 0x0a, 0x3c, 0x2f, 0x62, 0x6f, 0x64, 0x79, 0x3e, 0x0a, 0x3c, 0x2f
.byte 0x68, 0x74, 0x6d, 0x6c, 0x3e, 0x0a, 0x0a, 0x3c, 0x21, 0x2d, 0x2d, 0x0a, 0x3d, 0x3d, 0x3d, 0x3d
.byte 0x3d, 0x3d, 0x3d, 0x3d, 0x3d, 0x3d, 0x3d, 0x3d, 0x3d, 0x3d, 0x3d, 0x3d, 0x3d, 0x3d, 0x3d, 0x3d
.byte 0x3d, 0x3d, 0x3d, 0x3d, 0x3d, 0x3d, 0x3d, 0x3d, 0x3d, 0x3d, 0x3d, 0x3d, 0x3d, 0x3d, 0x3d, 0x3d
.byte 0x3d, 0x3d, 0x3d, 0x3d, 0x3d, 0x3d, 0x3d, 0x3d, 0x3d, 0x3d, 0x3d, 0x3d, 0x3d, 0x3d, 0x3d, 0x3d
.byte 0x3d, 0x3d, 0x3d, 0x3d, 0x3d, 0x3d, 0x3d, 0x3d, 0x3d, 0x3d, 0x3d, 0x3d, 0x3d, 0x3d, 0x3d, 0x3d
.byte 0x3d, 0x3d, 0x3d, 0x3d, 0x3d, 0x3d, 0x3d, 0x3d, 0x3d, 0x3d, 0x3d, 0x3d, 0x0a, 0x20, 0x20, 0x20
.byte 0x20, 0x20, 0x20, 0x20, 0x20, 0x20, 0x20, 0x20, 0x54, 0xe1, 0xbb, 0x94, 0x4e, 0x47, 0x20, 0x48
.byte 0xe1, 0xbb, 0xa2, 0x50, 0x20, 0x44, 0x41, 0x4e, 0x48, 0x20, 0x53, 0xc3, 0x81, 0x43, 0x48, 0x20
.byte 0x55, 0x52, 0x49, 0x20, 0x45, 0x4e, 0x44, 0x50, 0x4f, 0x49, 0x4e, 0x54, 0x53, 0x20, 0x43, 0x48
.byte 0x4f, 0x20, 0x45, 0x53, 0x50, 0x2d, 0x49, 0x44, 0x46, 0x20, 0x28, 0x43, 0x20, 0x42, 0x41, 0x43
.byte 0x4b, 0x45, 0x4e, 0x44, 0x29, 0x0a, 0x3d, 0x3d, 0x3d, 0x3d, 0x3d, 0x3d, 0x3d, 0x3d, 0x3d, 0x3d
.byte 0x3d, 0x3d, 0x3d, 0x3d, 0x3d, 0x3d, 0x3d, 0x3d, 0x3d, 0x3d, 0x3d, 0x3d, 0x3d, 0x3d, 0x3d, 0x3d
.byte 0x3d, 0x3d, 0x3d, 0x3d, 0x3d, 0x3d, 0x3d, 0x3d, 0x3d, 0x3d, 0x3d, 0x3d, 0x3d, 0x3d, 0x3d, 0x3d
.byte 0x3d, 0x3d, 0x3d, 0x3d, 0x3d, 0x3d, 0x3d, 0x3d, 0x3d, 0x3d, 0x3d, 0x3d, 0x3d, 0x3d, 0x3d, 0x3d
.byte 0x3d, 0x3d, 0x3d, 0x3d, 0x3d, 0x3d, 0x3d, 0x3d, 0x3d, 0x3d, 0x3d, 0x3d, 0x3d, 0x3d, 0x3d, 0x3d
.byte 0x3d, 0x3d, 0x3d, 0x3d, 0x3d, 0x3d, 0x0a, 0x0a, 0x44, 0xc6, 0xb0, 0xe1, 0xbb, 0x9b, 0x69, 0x20
.byte 0xc4, 0x91, 0xc3, 0xa2, 0x79, 0x20, 0x6c, 0xc3, 0xa0, 0x20, 0x62, 0xe1, 0xba, 0xa3, 0x6e, 0x67
.byte 0x20, 0x74, 0xe1, 0xbb, 0x95, 0x6e, 0x67, 0x20, 0x68, 0xe1, 0xbb, 0xa3, 0x70, 0x20, 0x63, 0xc3
.byte 0xa1, 0x63, 0x20, 0x55, 0x52, 0x49, 0x20, 0x48, 0x61, 0x6e, 0x64, 0x6c, 0x65, 0x72, 0x20, 0x63
.byte 0xe1, 0xba, 0xa7, 0x6e, 0x20, 0x6b, 0x68, 0x61, 0x69, 0x20, 0x62, 0xc3, 0xa1, 0x6f, 0x20, 0x74
.byte 0x72, 0x6f, 0x6e, 0x67, 0x20, 0x45, 0x53, 0x50, 0x20, 0x48, 0x54, 0x54, 0x50, 0x20, 0x53, 0x65
.byte 0x72, 0x76, 0x65, 0x72, 0x20, 0x28, 0x60, 0x65, 0x73, 0x70, 0x5f, 0x68, 0x74, 0x74, 0x70, 0x5f
.byte 0x73, 0x65, 0x72, 0x76, 0x65, 0x72, 0x2e, 0x68, 0x60, 0x29, 0x2e, 0x0a, 0x42, 0xe1, 0xba, 0xa1
.byte 0x6e, 0x20, 0x63, 0xc3, 0xb3, 0x20, 0x74, 0x68, 0xe1, 0xbb, 0x83, 0x20, 0x63, 0x6f, 0x70, 0x79
.byte 0x20, 0x6d, 0xc3, 0xa3, 0x20, 0x63, 0xe1, 0xba, 0xa5, 0x75, 0x20, 0x68, 0xc3, 0xac, 0x6e, 0x68
.byte 0x20, 0x6d, 0xe1, 0xba, 0xab, 0x75, 0x20, 0x6e, 0xc3, 0xa0, 0x79, 0x20, 0x74, 0x72, 0xe1, 0xbb
.byte 0xb1, 0x63, 0x20, 0x74, 0x69, 0xe1, 0xba, 0xbf, 0x70, 0x20, 0x76, 0xc3, 0xa0, 0x6f, 0x20, 0x66
.byte 0x69, 0x6c, 0x65, 0x20, 0x60, 0x6d, 0x61, 0x69, 0x6e, 0x2e, 0x63, 0x60, 0x20, 0x63, 0xe1, 0xbb
.byte 0xa7, 0x61, 0x20, 0x45, 0x53, 0x50, 0x33, 0x32, 0x2e, 0x0a, 0x0a, 0x2d, 0x2d, 0x2d, 0x2d, 0x2d
.byte 0x2d, 0x2d, 0x2d, 0x2d, 0x2d, 0x2d, 0x2d, 0x2d, 0x2d, 0x2d, 0x2d, 0x2d, 0x2d, 0x2d, 0x2d, 0x2d
.byte 0x2d, 0x2d, 0x2d, 0x2d, 0x2d, 0x2d, 0x2d, 0x2d, 0x2d, 0x2d, 0x2d, 0x2d, 0x2d, 0x2d, 0x2d, 0x2d
.byte 0x2d, 0x2d, 0x2d, 0x2d, 0x2d, 0x2d, 0x2d, 0x2d, 0x2d, 0x2d, 0x2d, 0x2d, 0x2d, 0x2d, 0x2d, 0x2d
.byte 0x2d, 0x2d, 0x2d, 0x2d, 0x2d, 0x2d, 0x2d, 0x2d, 0x2d, 0x2d, 0x2d, 0x2d, 0x2d, 0x2d, 0x2d, 0x2d
.byte 0x2d, 0x2d, 0x2d, 0x2d, 0x2d, 0x2d, 0x2d, 0x2d, 0x2d, 0x2d, 0x2d, 0x0a, 0x31, 0x2e, 0x20, 0x44
.byte 0x41, 0x4e, 0x48, 0x20, 0x53, 0xc3, 0x81, 0x43, 0x48, 0x20, 0x45, 0x4e, 0x44, 0x50, 0x4f, 0x49
.byte 0x4e, 0x54, 0x53, 0x3a, 0x0a, 0x2d, 0x2d, 0x2d, 0x2d, 0x2d, 0x2d, 0x2d, 0x2d, 0x2d, 0x2d, 0x2d
.byte 0x2d, 0x2d, 0x2d, 0x2d, 0x2d, 0x2d, 0x2d, 0x2d, 0x2d, 0x2d, 0x2d, 0x2d, 0x2d, 0x2d, 0x2d, 0x2d
.byte 0x2d, 0x2d, 0x2d, 0x2d, 0x2d, 0x2d, 0x2d, 0x2d, 0x2d, 0x2d, 0x2d, 0x2d, 0x2d, 0x2d, 0x2d, 0x2d
.byte 0x2d, 0x2d, 0x2d, 0x2d, 0x2d, 0x2d, 0x2d, 0x2d, 0x2d, 0x2d, 0x2d, 0x2d, 0x2d, 0x2d, 0x2d, 0x2d
.byte 0x2d, 0x2d, 0x2d, 0x2d, 0x2d, 0x2d, 0x2d, 0x2d, 0x2d, 0x2d, 0x2d, 0x2d, 0x2d, 0x2d, 0x2d, 0x2d
.byte 0x2d, 0x2d, 0x2d, 0x2d, 0x2d, 0x0a, 0x7c, 0x20, 0x54, 0xc3, 0xaa, 0x6e, 0x20, 0x55, 0x52, 0x49
.byte 0x20, 0x20, 0x20, 0x20, 0x20, 0x20, 0x20, 0x20, 0x20, 0x7c, 0x20, 0x50, 0x68, 0xc6, 0xb0, 0xc6
.byte 0xa1, 0x6e, 0x67, 0x20, 0x54, 0x68, 0xe1, 0xbb, 0xa9, 0x63, 0x20, 0x7c, 0x20, 0x54, 0xc3, 0xaa
.byte 0x6e, 0x20, 0x54, 0x68, 0x61, 0x6d, 0x20, 0x53, 0xe1, 0xbb, 0x91, 0x20, 0x2f, 0x20, 0x51, 0x75
.byte 0x65, 0x72, 0x79, 0x20, 0x50, 0x61, 0x72, 0x61, 0x6d, 0x65, 0x74, 0x65, 0x72, 0x73, 0x20, 0x7c
.byte 0x20, 0x43, 0x68, 0x75, 0xe1, 0xbb, 0x97, 0x69, 0x20, 0x52, 0x65, 0x73, 0x70, 0x6f, 0x6e, 0x73
.byte 0x65, 0x20, 0x4d, 0xe1, 0xba, 0xab, 0x75, 0x20, 0x28, 0x4a, 0x53, 0x4f, 0x4e, 0x29, 0x20, 0x20
.byte 0x20, 0x20, 0x20, 0x20, 0x20, 0x20, 0x20, 0x20, 0x20, 0x20, 0x20, 0x20, 0x20, 0x20, 0x20, 0x20
.byte 0x7c, 0x0a, 0x7c, 0x2d, 0x2d, 0x2d, 0x2d, 0x2d, 0x2d, 0x2d, 0x2d, 0x2d, 0x2d, 0x2d, 0x2d, 0x2d
.byte 0x2d, 0x2d, 0x2d, 0x2d, 0x7c, 0x2d, 0x2d, 0x2d, 0x2d, 0x2d, 0x2d, 0x2d, 0x2d, 0x2d, 0x2d, 0x2d
.byte 0x2d, 0x2d, 0x7c, 0x2d, 0x2d, 0x2d, 0x2d, 0x2d, 0x2d, 0x2d, 0x2d, 0x2d, 0x2d, 0x2d, 0x2d, 0x2d
.byte 0x2d, 0x2d, 0x2d, 0x2d, 0x2d, 0x2d, 0x2d, 0x2d, 0x2d, 0x2d, 0x2d, 0x2d, 0x2d, 0x2d, 0x2d, 0x2d
.byte 0x2d, 0x2d, 0x2d, 0x7c, 0x2d, 0x2d, 0x2d, 0x2d, 0x2d, 0x2d, 0x2d, 0x2d, 0x2d, 0x2d, 0x2d, 0x2d
.byte 0x2d, 0x2d, 0x2d, 0x2d, 0x2d, 0x2d, 0x2d, 0x2d, 0x2d, 0x2d, 0x2d, 0x2d, 0x2d, 0x2d, 0x2d, 0x2d
.byte 0x2d, 0x2d, 0x2d, 0x2d, 0x2d, 0x2d, 0x2d, 0x2d, 0x2d, 0x2d, 0x2d, 0x2d, 0x2d, 0x2d, 0x2d, 0x2d
.byte 0x7c, 0x0a, 0x7c, 0x20, 0x2f, 0x61, 0x70, 0x69, 0x2f, 0x73, 0x65, 0x6e, 0x73, 0x6f, 0x72, 0x73
.byte 0x20, 0x20, 0x20, 0x20, 0x7c, 0x20, 0x47, 0x45, 0x54, 0x20, 0x20, 0x20, 0x20, 0x20, 0x20, 0x20
.byte 0x20, 0x20, 0x7c, 0x20, 0x4b, 0x68, 0xc3, 0xb4, 0x6e, 0x67, 0x20, 0x63, 0xc3, 0xb3, 0x20, 0x20
.byte 0x20, 0x20, 0x20, 0x20, 0x20, 0x20, 0x20, 0x20, 0x20, 0x20, 0x20, 0x20, 0x20, 0x20, 0x20, 0x20
.byte 0x20, 0x20, 0x20, 0x20, 0x20, 0x7c, 0x20, 0x7b, 0x22, 0x74, 0x65, 0x6d, 0x70, 0x22, 0x3a, 0x32
.byte 0x38, 0x2e, 0x35, 0x2c, 0x22, 0x68, 0x75, 0x6d, 0x69, 0x22, 0x3a, 0x36, 0x35, 0x2c, 0x22, 0x6c
.byte 0x69, 0x67, 0x68, 0x74, 0x22, 0x3a, 0x34, 0x35, 0x30, 0x2c, 0x22, 0x73, 0x6f, 0x69, 0x6c, 0x22
.byte 0x3a, 0x37, 0x32, 0x7d, 0x7c, 0x0a, 0x7c, 0x20, 0x2f, 0x61, 0x70, 0x69, 0x2f, 0x73, 0x79, 0x73
.byte 0x74, 0x65, 0x6d, 0x20, 0x20, 0x20, 0x20, 0x20, 0x7c, 0x20, 0x47, 0x45, 0x54, 0x20, 0x20, 0x20
.byte 0x20, 0x20, 0x20, 0x20, 0x20, 0x20, 0x7c, 0x20, 0x4b, 0x68, 0xc3, 0xb4, 0x6e, 0x67, 0x20, 0x63
.byte 0xc3, 0xb3, 0x20, 0x20, 0x20, 0x20, 0x20, 0x20, 0x20, 0x20, 0x20, 0x20, 0x20, 0x20, 0x20, 0x20
.byte 0x20, 0x20, 0x20, 0x20, 0x20, 0x20, 0x20, 0x20, 0x20, 0x7c, 0x20, 0x7b, 0x22, 0x68, 0x65, 0x61
.byte 0x70, 0x22, 0x3a, 0x31, 0x38, 0x34, 0x32, 0x34, 0x30, 0x2c, 0x22, 0x75, 0x70, 0x74, 0x69, 0x6d
.byte 0x65, 0x22, 0x3a, 0x33, 0x36, 0x30, 0x30, 0x2c, 0x22, 0x72, 0x73, 0x73, 0x69, 0x22, 0x3a, 0x2d
.byte 0x36, 0x32, 0x7d, 0x20, 0x20, 0x20, 0x7c, 0x0a, 0x7c, 0x20, 0x2f, 0x61, 0x70, 0x69, 0x2f, 0x63
.byte 0x6f, 0x6e, 0x74, 0x72, 0x6f, 0x6c, 0x20, 0x20, 0x20, 0x20, 0x7c, 0x20, 0x47, 0x45, 0x54, 0x20
.byte 0x2f, 0x20, 0x50, 0x4f, 0x53, 0x54, 0x20, 0x20, 0x7c, 0x20, 0x3f, 0x64, 0x65, 0x76, 0x69, 0x63
.byte 0x65, 0x3d, 0x5b, 0x72, 0x65, 0x6c, 0x61, 0x79, 0x31, 0x7c, 0x72, 0x65, 0x6c, 0x61, 0x79, 0x32
.byte 0x5d, 0x26, 0x73, 0x74, 0x61, 0x74, 0x65, 0x3d, 0x5b, 0x31, 0x7c, 0x30, 0x5d, 0x20, 0x7c, 0x20
.byte 0x7b, 0x22, 0x73, 0x74, 0x61, 0x74, 0x75, 0x73, 0x22, 0x3a, 0x22, 0x6f, 0x6b, 0x22, 0x2c, 0x22
.byte 0x64, 0x65, 0x76, 0x69, 0x63, 0x65, 0x22, 0x3a, 0x22, 0x72, 0x65, 0x6c, 0x61, 0x79, 0x31, 0x22
.byte 0x2c, 0x22, 0x73, 0x74, 0x61, 0x74, 0x65, 0x22, 0x3a, 0x31, 0x7d, 0x20, 0x7c, 0x0a, 0x7c, 0x20
.byte 0x2f, 0x61, 0x70, 0x69, 0x2f, 0x70, 0x77, 0x6d, 0x20, 0x20, 0x20, 0x20, 0x20, 0x20, 0x20, 0x20
.byte 0x7c, 0x20, 0x47, 0x45, 0x54, 0x20, 0x2f, 0x20, 0x50, 0x4f, 0x53, 0x54, 0x20, 0x20, 0x7c, 0x20
.byte 0x3f, 0x76, 0x61, 0x6c, 0x75, 0x65, 0x3d, 0x5b, 0x30, 0x2e, 0x2e, 0x31, 0x30, 0x30, 0x5d, 0x20
.byte 0x20, 0x20, 0x20, 0x20, 0x20, 0x20, 0x20, 0x20, 0x20, 0x20, 0x20, 0x20, 0x20, 0x20, 0x20, 0x7c
.byte 0x20, 0x7b, 0x22, 0x73, 0x74, 0x61, 0x74, 0x75, 0x73, 0x22, 0x3a, 0x22, 0x6f, 0x6b, 0x22, 0x2c
.byte 0x22, 0x70, 0x77, 0x6d, 0x22, 0x3a, 0x37, 0x35, 0x7d, 0x20, 0x20, 0x20, 0x20, 0x20, 0x20, 0x20
.byte 0x20, 0x20, 0x20, 0x20, 0x20, 0x20, 0x20, 0x20, 0x20, 0x20, 0x20, 0x20, 0x20, 0x7c, 0x0a, 0x0a
.byte 0x2d, 0x2d, 0x2d, 0x2d, 0x2d, 0x2d, 0x2d, 0x2d, 0x2d, 0x2d, 0x2d, 0x2d, 0x2d, 0x2d, 0x2d, 0x2d
.byte 0x2d, 0x2d, 0x2d, 0x2d, 0x2d, 0x2d, 0x2d, 0x2d, 0x2d, 0x2d, 0x2d, 0x2d, 0x2d, 0x2d, 0x2d, 0x2d
.byte 0x2d, 0x2d, 0x2d, 0x2d, 0x2d, 0x2d, 0x2d, 0x2d, 0x2d, 0x2d, 0x2d, 0x2d, 0x2d, 0x2d, 0x2d, 0x2d
.byte 0x2d, 0x2d, 0x2d, 0x2d, 0x2d, 0x2d, 0x2d, 0x2d, 0x2d, 0x2d, 0x2d, 0x2d, 0x2d, 0x2d, 0x2d, 0x2d
.byte 0x2d, 0x2d, 0x2d, 0x2d, 0x2d, 0x2d, 0x2d, 0x2d, 0x2d, 0x2d, 0x2d, 0x2d, 0x2d, 0x2d, 0x2d, 0x2d
.byte 0x0a, 0x32, 0x2e, 0x20, 0x43, 0x4f, 0x44, 0x45, 0x20, 0x4d, 0xe1, 0xba, 0xaa, 0x55, 0x20, 0x43
.byte 0x20, 0x45, 0x53, 0x50, 0x2d, 0x49, 0x44, 0x46, 0x20, 0x28, 0x4b, 0x68, 0x61, 0x69, 0x20, 0x62
.byte 0xc3, 0xa1, 0x6f, 0x20, 0x68, 0x61, 0x6e, 0x64, 0x6c, 0x65, 0x72, 0x73, 0x20, 0x74, 0x72, 0x6f
.byte 0x6e, 0x67, 0x20, 0x43, 0x29, 0x3a, 0x0a, 0x2d, 0x2d, 0x2d, 0x2d, 0x2d, 0x2d, 0x2d, 0x2d, 0x2d
.byte 0x2d, 0x2d, 0x2d, 0x2d, 0x2d, 0x2d, 0x2d, 0x2d, 0x2d, 0x2d, 0x2d, 0x2d, 0x2d, 0x2d, 0x2d, 0x2d
.byte 0x2d, 0x2d, 0x2d, 0x2d, 0x2d, 0x2d, 0x2d, 0x2d, 0x2d, 0x2d, 0x2d, 0x2d, 0x2d, 0x2d, 0x2d, 0x2d
.byte 0x2d, 0x2d, 0x2d, 0x2d, 0x2d, 0x2d, 0x2d, 0x2d, 0x2d, 0x2d, 0x2d, 0x2d, 0x2d, 0x2d, 0x2d, 0x2d
.byte 0x2d, 0x2d, 0x2d, 0x2d, 0x2d, 0x2d, 0x2d, 0x2d, 0x2d, 0x2d, 0x2d, 0x2d, 0x2d, 0x2d, 0x2d, 0x2d
.byte 0x2d, 0x2d, 0x2d, 0x2d, 0x2d, 0x2d, 0x2d, 0x0a, 0x0a, 0x2f, 0x2a, 0x20, 0x48, 0x61, 0x6e, 0x64
.byte 0x6c, 0x65, 0x72, 0x20, 0x31, 0x3a, 0x20, 0x54, 0x72, 0xe1, 0xba, 0xa3, 0x20, 0x76, 0xe1, 0xbb
.byte 0x81, 0x20, 0x67, 0x69, 0xc3, 0xa1, 0x20, 0x74, 0x72, 0xe1, 0xbb, 0x8b, 0x20, 0x63, 0xe1, 0xba
.byte 0xa3, 0x6d, 0x20, 0x62, 0x69, 0xe1, 0xba, 0xbf, 0x6e, 0x20, 0x44, 0x48, 0x54, 0x32, 0x32, 0x2c
.byte 0x20, 0xc3, 0x81, 0x6e, 0x68, 0x20, 0x73, 0xc3, 0xa1, 0x6e, 0x67, 0x2c, 0x20, 0xc4, 0x90, 0xe1
.byte 0xbb, 0x99, 0x20, 0xe1, 0xba, 0xa9, 0x6d, 0x20, 0xc4, 0x91, 0xe1, 0xba, 0xa5, 0x74, 0x20, 0x2a
.byte 0x2f, 0x0a, 0x73, 0x74, 0x61, 0x74, 0x69, 0x63, 0x20, 0x65, 0x73, 0x70, 0x5f, 0x65, 0x72, 0x72
.byte 0x5f, 0x74, 0x20, 0x67, 0x65, 0x74, 0x5f, 0x73, 0x65, 0x6e, 0x73, 0x6f, 0x72, 0x73, 0x5f, 0x68
.byte 0x61, 0x6e, 0x64, 0x6c, 0x65, 0x72, 0x28, 0x68, 0x74, 0x74, 0x70, 0x64, 0x5f, 0x72, 0x65, 0x71
.byte 0x5f, 0x74, 0x20, 0x2a, 0x72, 0x65, 0x71, 0x29, 0x20, 0x7b, 0x0a, 0x20, 0x20, 0x20, 0x20, 0x68
.byte 0x74, 0x74, 0x70, 0x64, 0x5f, 0x72, 0x65, 0x73, 0x70, 0x5f, 0x73, 0x65, 0x74, 0x5f, 0x74, 0x79
.byte 0x70, 0x65, 0x28, 0x72, 0x65, 0x71, 0x2c, 0x20, 0x22, 0x61, 0x70, 0x70, 0x6c, 0x69, 0x63, 0x61
.byte 0x74, 0x69, 0x6f, 0x6e, 0x2f, 0x6a, 0x73, 0x6f, 0x6e, 0x22, 0x29, 0x3b, 0x0a, 0x20, 0x20, 0x20
.byte 0x20, 0x68, 0x74, 0x74, 0x70, 0x64, 0x5f, 0x72, 0x65, 0x73, 0x70, 0x5f, 0x73, 0x65, 0x74, 0x5f
.byte 0x68, 0x64, 0x72, 0x28, 0x72, 0x65, 0x71, 0x2c, 0x20, 0x22, 0x41, 0x63, 0x63, 0x65, 0x73, 0x73
.byte 0x2d, 0x43, 0x6f, 0x6e, 0x74, 0x72, 0x6f, 0x6c, 0x2d, 0x41, 0x6c, 0x6c, 0x6f, 0x77, 0x2d, 0x4f
.byte 0x72, 0x69, 0x67, 0x69, 0x6e, 0x22, 0x2c, 0x20, 0x22, 0x2a, 0x22, 0x29, 0x3b, 0x0a, 0x20, 0x20
.byte 0x20, 0x20, 0x0a, 0x20, 0x20, 0x20, 0x20, 0x2f, 0x2f, 0x20, 0xc4, 0x90, 0xe1, 0xbb, 0x8d, 0x63
.byte 0x20, 0x63, 0xe1, 0xba, 0xa3, 0x6d, 0x20, 0x62, 0x69, 0xe1, 0xba, 0xbf, 0x6e, 0x20, 0x74, 0x68
.byte 0xe1, 0xbb, 0xb1, 0x63, 0x20, 0x74, 0xe1, 0xba, 0xbf, 0x0a, 0x20, 0x20, 0x20, 0x20, 0x66, 0x6c
.byte 0x6f, 0x61, 0x74, 0x20, 0x74, 0x65, 0x6d, 0x70, 0x20, 0x3d, 0x20, 0x32, 0x38, 0x2e, 0x35, 0x3b
.byte 0x20, 0x2f, 0x2f, 0x20, 0x64, 0x68, 0x74, 0x32, 0x32, 0x5f, 0x72, 0x65, 0x61, 0x64, 0x5f, 0x74
.byte 0x65, 0x6d, 0x70, 0x28, 0x29, 0x3b, 0x0a, 0x20, 0x20, 0x20, 0x20, 0x66, 0x6c, 0x6f, 0x61, 0x74
.byte 0x20, 0x68, 0x75, 0x6d, 0x69, 0x20, 0x3d, 0x20, 0x36, 0x35, 0x2e, 0x30, 0x3b, 0x20, 0x2f, 0x2f
.byte 0x20, 0x64, 0x68, 0x74, 0x32, 0x32, 0x5f, 0x72, 0x65, 0x61, 0x64, 0x5f, 0x68, 0x75, 0x6d, 0x69
.byte 0x28, 0x29, 0x3b, 0x0a, 0x20, 0x20, 0x20, 0x20, 0x69, 0x6e, 0x74, 0x20, 0x6c, 0x69, 0x67, 0x68
.byte 0x74, 0x20, 0x3d, 0x20, 0x34, 0x35, 0x30, 0x3b, 0x20, 0x20, 0x20, 0x2f, 0x2f, 0x20, 0x61, 0x64
.byte 0x63, 0x5f, 0x72, 0x65, 0x61, 0x64, 0x5f, 0x6c, 0x69, 0x67, 0x68, 0x74, 0x28, 0x29, 0x3b, 0x0a
.byte 0x20, 0x20, 0x20, 0x20, 0x69, 0x6e, 0x74, 0x20, 0x73, 0x6f, 0x69, 0x6c, 0x20, 0x3d, 0x20, 0x37
.byte 0x32, 0x3b, 0x20, 0x20, 0x20, 0x20, 0x20, 0x2f, 0x2f, 0x20, 0x61, 0x64, 0x63, 0x5f, 0x72, 0x65
.byte 0x61, 0x64, 0x5f, 0x73, 0x6f, 0x69, 0x6c, 0x28, 0x29, 0x3b, 0x0a, 0x0a, 0x20, 0x20, 0x20, 0x20
.byte 0x63, 0x68, 0x61, 0x72, 0x20, 0x6a, 0x73, 0x6f, 0x6e, 0x5f, 0x72, 0x65, 0x73, 0x70, 0x6f, 0x6e
.byte 0x73, 0x65, 0x5b, 0x31, 0x32, 0x38, 0x5d, 0x3b, 0x0a, 0x20, 0x20, 0x20, 0x20, 0x73, 0x6e, 0x70
.byte 0x72, 0x69, 0x6e, 0x74, 0x66, 0x28, 0x6a, 0x73, 0x6f, 0x6e, 0x5f, 0x72, 0x65, 0x73, 0x70, 0x6f
.byte 0x6e, 0x73, 0x65, 0x2c, 0x20, 0x73, 0x69, 0x7a, 0x65, 0x6f, 0x66, 0x28, 0x6a, 0x73, 0x6f, 0x6e
.byte 0x5f, 0x72, 0x65, 0x73, 0x70, 0x6f, 0x6e, 0x73, 0x65, 0x29, 0x2c, 0x0a, 0x20, 0x20, 0x20, 0x20
.byte 0x20, 0x20, 0x20, 0x20, 0x20, 0x20, 0x20, 0x20, 0x20, 0x22, 0x7b, 0x5c, 0x22, 0x74, 0x65, 0x6d
.byte 0x70, 0x5c, 0x22, 0x3a, 0x25, 0x2e, 0x31, 0x66, 0x2c, 0x5c, 0x22, 0x68, 0x75, 0x6d, 0x69, 0x5c
.byte 0x22, 0x3a, 0x25, 0x2e, 0x31, 0x66, 0x2c, 0x5c, 0x22, 0x6c, 0x69, 0x67, 0x68, 0x74, 0x5c, 0x22
.byte 0x3a, 0x25, 0x64, 0x2c, 0x5c, 0x22, 0x73, 0x6f, 0x69, 0x6c, 0x5c, 0x22, 0x3a, 0x25, 0x64, 0x7d
.byte 0x22, 0x2c, 0x0a, 0x20, 0x20, 0x20, 0x20, 0x20, 0x20, 0x20, 0x20, 0x20, 0x20, 0x20, 0x20, 0x20
.byte 0x74, 0x65, 0x6d, 0x70, 0x2c, 0x20, 0x68, 0x75, 0x6d, 0x69, 0x2c, 0x20, 0x6c, 0x69, 0x67, 0x68
.byte 0x74, 0x2c, 0x20, 0x73, 0x6f, 0x69, 0x6c, 0x29, 0x3b, 0x0a, 0x0a, 0x20, 0x20, 0x20, 0x20, 0x72
.byte 0x65, 0x74, 0x75, 0x72, 0x6e, 0x20, 0x68, 0x74, 0x74, 0x70, 0x64, 0x5f, 0x72, 0x65, 0x73, 0x70
.byte 0x5f, 0x73, 0x65, 0x6e, 0x64, 0x28, 0x72, 0x65, 0x71, 0x2c, 0x20, 0x6a, 0x73, 0x6f, 0x6e, 0x5f
.byte 0x72, 0x65, 0x73, 0x70, 0x6f, 0x6e, 0x73, 0x65, 0x2c, 0x20, 0x48, 0x54, 0x54, 0x50, 0x44, 0x5f
.byte 0x52, 0x45, 0x53, 0x50, 0x5f, 0x55, 0x53, 0x45, 0x5f, 0x53, 0x54, 0x52, 0x4c, 0x45, 0x4e, 0x29
.byte 0x3b, 0x0a, 0x7d, 0x0a, 0x0a, 0x2f, 0x2a, 0x20, 0x48, 0x61, 0x6e, 0x64, 0x6c, 0x65, 0x72, 0x20
.byte 0x32, 0x3a, 0x20, 0xc4, 0x90, 0x69, 0xe1, 0xbb, 0x81, 0x75, 0x20, 0x6b, 0x68, 0x69, 0xe1, 0xbb
.byte 0x83, 0x6e, 0x20, 0x74, 0x68, 0x69, 0xe1, 0xba, 0xbf, 0x74, 0x20, 0x62, 0xe1, 0xbb, 0x8b, 0x20
.byte 0x52, 0x65, 0x6c, 0x61, 0x79, 0x20, 0x2a, 0x2f, 0x0a, 0x73, 0x74, 0x61, 0x74, 0x69, 0x63, 0x20
.byte 0x65, 0x73, 0x70, 0x5f, 0x65, 0x72, 0x72, 0x5f, 0x74, 0x20, 0x73, 0x65, 0x74, 0x5f, 0x63, 0x6f
.byte 0x6e, 0x74, 0x72, 0x6f, 0x6c, 0x5f, 0x68, 0x61, 0x6e, 0x64, 0x6c, 0x65, 0x72, 0x28, 0x68, 0x74
.byte 0x74, 0x70, 0x64, 0x5f, 0x72, 0x65, 0x71, 0x5f, 0x74, 0x20, 0x2a, 0x72, 0x65, 0x71, 0x29, 0x20
.byte 0x7b, 0x0a, 0x20, 0x20, 0x20, 0x20, 0x63, 0x68, 0x61, 0x72, 0x20, 0x62, 0x75, 0x66, 0x5b, 0x31
.byte 0x30, 0x30, 0x5d, 0x3b, 0x0a, 0x20, 0x20, 0x20, 0x20, 0x69, 0x66, 0x20, 0x28, 0x68, 0x74, 0x74
.byte 0x70, 0x64, 0x5f, 0x72, 0x65, 0x71, 0x5f, 0x67, 0x65, 0x74, 0x5f, 0x75, 0x72, 0x6c, 0x5f, 0x71
.byte 0x75, 0x65, 0x72, 0x79, 0x5f, 0x73, 0x74, 0x72, 0x28, 0x72, 0x65, 0x71, 0x2c, 0x20, 0x62, 0x75
.byte 0x66, 0x2c, 0x20, 0x73, 0x69, 0x7a, 0x65, 0x6f, 0x66, 0x28, 0x62, 0x75, 0x66, 0x29, 0x29, 0x20
.byte 0x3d, 0x3d, 0x20, 0x45, 0x53, 0x50, 0x5f, 0x4f, 0x4b, 0x29, 0x20, 0x7b, 0x0a, 0x20, 0x20, 0x20
.byte 0x20, 0x20, 0x20, 0x20, 0x20, 0x63, 0x68, 0x61, 0x72, 0x20, 0x64, 0x65, 0x76, 0x69, 0x63, 0x65
.byte 0x5b, 0x31, 0x36, 0x5d, 0x2c, 0x20, 0x73, 0x74, 0x61, 0x74, 0x65, 0x5f, 0x73, 0x74, 0x72, 0x5b
.byte 0x38, 0x5d, 0x3b, 0x0a, 0x20, 0x20, 0x20, 0x20, 0x20, 0x20, 0x20, 0x20, 0x69, 0x66, 0x20, 0x28
.byte 0x68, 0x74, 0x74, 0x70, 0x64, 0x5f, 0x71, 0x75, 0x65, 0x72, 0x79, 0x5f, 0x6b, 0x65, 0x79, 0x5f
.byte 0x76, 0x61, 0x6c, 0x75, 0x65, 0x28, 0x62, 0x75, 0x66, 0x2c, 0x20, 0x22, 0x64, 0x65, 0x76, 0x69
.byte 0x63, 0x65, 0x22, 0x2c, 0x20, 0x64, 0x65, 0x76, 0x69, 0x63, 0x65, 0x2c, 0x20, 0x73, 0x69, 0x7a
.byte 0x65, 0x6f, 0x66, 0x28, 0x64, 0x65, 0x76, 0x69, 0x63, 0x65, 0x29, 0x29, 0x20, 0x3d, 0x3d, 0x20
.byte 0x45, 0x53, 0x50, 0x5f, 0x4f, 0x4b, 0x20, 0x26, 0x26, 0x0a, 0x20, 0x20, 0x20, 0x20, 0x20, 0x20
.byte 0x20, 0x20, 0x20, 0x20, 0x20, 0x20, 0x68, 0x74, 0x74, 0x70, 0x64, 0x5f, 0x71, 0x75, 0x65, 0x72
.byte 0x79, 0x5f, 0x6b, 0x65, 0x79, 0x5f, 0x76, 0x61, 0x6c, 0x75, 0x65, 0x28, 0x62, 0x75, 0x66, 0x2c
.byte 0x20, 0x22, 0x73, 0x74, 0x61, 0x74, 0x65, 0x22, 0x2c, 0x20, 0x73, 0x74, 0x61, 0x74, 0x65, 0x5f
.byte 0x73, 0x74, 0x72, 0x2c, 0x20, 0x73, 0x69, 0x7a, 0x65, 0x6f, 0x66, 0x28, 0x73, 0x74, 0x61, 0x74
.byte 0x65, 0x5f, 0x73, 0x74, 0x72, 0x29, 0x29, 0x20, 0x3d, 0x3d, 0x20, 0x45, 0x53, 0x50, 0x5f, 0x4f
.byte 0x4b, 0x29, 0x20, 0x7b, 0x0a, 0x20, 0x20, 0x20, 0x20, 0x20, 0x20, 0x20, 0x20, 0x20, 0x20, 0x20
.byte 0x20, 0x0a, 0x20, 0x20, 0x20, 0x20, 0x20, 0x20, 0x20, 0x20, 0x20, 0x20, 0x20, 0x20, 0x69, 0x6e
.byte 0x74, 0x20, 0x73, 0x74, 0x61, 0x74, 0x65, 0x20, 0x3d, 0x20, 0x61, 0x74, 0x6f, 0x69, 0x28, 0x73
.byte 0x74, 0x61, 0x74, 0x65, 0x5f, 0x73, 0x74, 0x72, 0x29, 0x3b, 0x0a, 0x20, 0x20, 0x20, 0x20, 0x20
.byte 0x20, 0x20, 0x20, 0x20, 0x20, 0x20, 0x20, 0x69, 0x66, 0x20, 0x28, 0x73, 0x74, 0x72, 0x63, 0x6d
.byte 0x70, 0x28, 0x64, 0x65, 0x76, 0x69, 0x63, 0x65, 0x2c, 0x20, 0x22, 0x72, 0x65, 0x6c, 0x61, 0x79
.byte 0x31, 0x22, 0x29, 0x20, 0x3d, 0x3d, 0x20, 0x30, 0x29, 0x20, 0x7b, 0x0a, 0x20, 0x20, 0x20, 0x20
.byte 0x20, 0x20, 0x20, 0x20, 0x20, 0x20, 0x20, 0x20, 0x20, 0x20, 0x20, 0x20, 0x67, 0x70, 0x69, 0x6f
.byte 0x5f, 0x73, 0x65, 0x74, 0x5f, 0x6c, 0x65, 0x76, 0x65, 0x6c, 0x28, 0x47, 0x50, 0x49, 0x4f, 0x5f
.byte 0x4e, 0x55, 0x4d, 0x5f, 0x31, 0x38, 0x2c, 0x20, 0x73, 0x74, 0x61, 0x74, 0x65, 0x29, 0x3b, 0x20
.byte 0x2f, 0x2f, 0x20, 0x57, 0x61, 0x74, 0x65, 0x72, 0x20, 0x50, 0x75, 0x6d, 0x70, 0x20, 0x50, 0x69
.byte 0x6e, 0x0a, 0x20, 0x20, 0x20, 0x20, 0x20, 0x20, 0x20, 0x20, 0x20, 0x20, 0x20, 0x20, 0x7d, 0x20
.byte 0x65, 0x6c, 0x73, 0x65, 0x20, 0x69, 0x66, 0x20, 0x28, 0x73, 0x74, 0x72, 0x63, 0x6d, 0x70, 0x28
.byte 0x64, 0x65, 0x76, 0x69, 0x63, 0x65, 0x2c, 0x20, 0x22, 0x72, 0x65, 0x6c, 0x61, 0x79, 0x32, 0x22
.byte 0x29, 0x20, 0x3d, 0x3d, 0x20, 0x30, 0x29, 0x20, 0x7b, 0x0a, 0x20, 0x20, 0x20, 0x20, 0x20, 0x20
.byte 0x20, 0x20, 0x20, 0x20, 0x20, 0x20, 0x20, 0x20, 0x20, 0x20, 0x67, 0x70, 0x69, 0x6f, 0x5f, 0x73
.byte 0x65, 0x74, 0x5f, 0x6c, 0x65, 0x76, 0x65, 0x6c, 0x28, 0x47, 0x50, 0x49, 0x4f, 0x5f, 0x4e, 0x55
.byte 0x4d, 0x5f, 0x31, 0x39, 0x2c, 0x20, 0x73, 0x74, 0x61, 0x74, 0x65, 0x29, 0x3b, 0x20, 0x2f, 0x2f
.byte 0x20, 0x47, 0x72, 0x6f, 0x77, 0x74, 0x68, 0x20, 0x4c, 0x69, 0x67, 0x68, 0x74, 0x20, 0x50, 0x69
.byte 0x6e, 0x0a, 0x20, 0x20, 0x20, 0x20, 0x20, 0x20, 0x20, 0x20, 0x20, 0x20, 0x20, 0x20, 0x7d, 0x0a
.byte 0x20, 0x20, 0x20, 0x20, 0x20, 0x20, 0x20, 0x20, 0x7d, 0x0a, 0x20, 0x20, 0x20, 0x20, 0x7d, 0x0a
.byte 0x20, 0x20, 0x20, 0x20, 0x68, 0x74, 0x74, 0x70, 0x64, 0x5f, 0x72, 0x65, 0x73, 0x70, 0x5f, 0x73
.byte 0x65, 0x74, 0x5f, 0x74, 0x79, 0x70, 0x65, 0x28, 0x72, 0x65, 0x71, 0x2c, 0x20, 0x22, 0x61, 0x70
.byte 0x70, 0x6c, 0x69, 0x63, 0x61, 0x74, 0x69, 0x6f, 0x6e, 0x2f, 0x6a, 0x73, 0x6f, 0x6e, 0x22, 0x29
.byte 0x3b, 0x0a, 0x20, 0x20, 0x20, 0x20, 0x72, 0x65, 0x74, 0x75, 0x72, 0x6e, 0x20, 0x68, 0x74, 0x74
.byte 0x70, 0x64, 0x5f, 0x72, 0x65, 0x73, 0x70, 0x5f, 0x73, 0x65, 0x6e, 0x64, 0x28, 0x72, 0x65, 0x71
.byte 0x2c, 0x20, 0x22, 0x7b, 0x5c, 0x22, 0x73, 0x74, 0x61, 0x74, 0x75, 0x73, 0x5c, 0x22, 0x3a, 0x5c
.byte 0x22, 0x6f, 0x6b, 0x5c, 0x22, 0x7d, 0x22, 0x2c, 0x20, 0x48, 0x54, 0x54, 0x50, 0x44, 0x5f, 0x52
.byte 0x45, 0x53, 0x50, 0x5f, 0x55, 0x53, 0x45, 0x5f, 0x53, 0x54, 0x52, 0x4c, 0x45, 0x4e, 0x29, 0x3b
.byte 0x0a, 0x7d, 0x0a, 0x0a, 0x2f, 0x2a, 0x20, 0xc4, 0x90, 0xc4, 0x83, 0x6e, 0x67, 0x20, 0x6b, 0xc3
.byte 0xbd, 0x20, 0x55, 0x52, 0x49, 0x20, 0x76, 0xc3, 0xa0, 0x6f, 0x20, 0x48, 0x54, 0x54, 0x50, 0x20
.byte 0x53, 0x65, 0x72, 0x76, 0x65, 0x72, 0x20, 0x74, 0x72, 0x6f, 0x6e, 0x67, 0x20, 0x45, 0x53, 0x50
.byte 0x33, 0x32, 0x20, 0x2a, 0x2f, 0x0a, 0x76, 0x6f, 0x69, 0x64, 0x20, 0x72, 0x65, 0x67, 0x69, 0x73
.byte 0x74, 0x65, 0x72, 0x5f, 0x64, 0x61, 0x73, 0x68, 0x62, 0x6f, 0x61, 0x72, 0x64, 0x5f, 0x75, 0x72
.byte 0x69, 0x73, 0x28, 0x68, 0x74, 0x74, 0x70, 0x64, 0x5f, 0x68, 0x61, 0x6e, 0x64, 0x6c, 0x65, 0x5f
.byte 0x74, 0x20, 0x73, 0x65, 0x72, 0x76, 0x65, 0x72, 0x29, 0x20, 0x7b, 0x0a, 0x20, 0x20, 0x20, 0x20
.byte 0x68, 0x74, 0x74, 0x70, 0x64, 0x5f, 0x75, 0x72, 0x69, 0x5f, 0x74, 0x20, 0x73, 0x65, 0x6e, 0x73
.byte 0x6f, 0x72, 0x73, 0x5f, 0x75, 0x72, 0x69, 0x20, 0x3d, 0x20, 0x7b, 0x0a, 0x20, 0x20, 0x20, 0x20
.byte 0x20, 0x20, 0x20, 0x20, 0x2e, 0x75, 0x72, 0x69, 0x20, 0x20, 0x20, 0x20, 0x20, 0x20, 0x3d, 0x20
.byte 0x22, 0x2f, 0x61, 0x70, 0x69, 0x2f, 0x73, 0x65, 0x6e, 0x73, 0x6f, 0x72, 0x73, 0x22, 0x2c, 0x0a
.byte 0x20, 0x20, 0x20, 0x20, 0x20, 0x20, 0x20, 0x20, 0x2e, 0x6d, 0x65, 0x74, 0x68, 0x6f, 0x64, 0x20
.byte 0x20, 0x20, 0x3d, 0x20, 0x48, 0x54, 0x54, 0x50, 0x5f, 0x47, 0x45, 0x54, 0x2c, 0x0a, 0x20, 0x20
.byte 0x20, 0x20, 0x20, 0x20, 0x20, 0x20, 0x2e, 0x68, 0x61, 0x6e, 0x64, 0x6c, 0x65, 0x72, 0x20, 0x20
.byte 0x3d, 0x20, 0x67, 0x65, 0x74, 0x5f, 0x73, 0x65, 0x6e, 0x73, 0x6f, 0x72, 0x73, 0x5f, 0x68, 0x61
.byte 0x6e, 0x64, 0x6c, 0x65, 0x72, 0x2c, 0x0a, 0x20, 0x20, 0x20, 0x20, 0x20, 0x20, 0x20, 0x20, 0x2e
.byte 0x75, 0x73, 0x65, 0x72, 0x5f, 0x63, 0x74, 0x78, 0x20, 0x3d, 0x20, 0x4e, 0x55, 0x4c, 0x4c, 0x0a
.byte 0x20, 0x20, 0x20, 0x20, 0x7d, 0x3b, 0x0a, 0x20, 0x20, 0x20, 0x20, 0x68, 0x74, 0x74, 0x70, 0x64
.byte 0x5f, 0x72, 0x65, 0x67, 0x69, 0x73, 0x74, 0x65, 0x72, 0x5f, 0x75, 0x72, 0x69, 0x5f, 0x68, 0x61
.byte 0x6e, 0x64, 0x6c, 0x65, 0x72, 0x28, 0x73, 0x65, 0x72, 0x76, 0x65, 0x72, 0x2c, 0x20, 0x26, 0x73
.byte 0x65, 0x6e, 0x73, 0x6f, 0x72, 0x73, 0x5f, 0x75, 0x72, 0x69, 0x29, 0x3b, 0x0a, 0x0a, 0x20, 0x20
.byte 0x20, 0x20, 0x68, 0x74, 0x74, 0x70, 0x64, 0x5f, 0x75, 0x72, 0x69, 0x5f, 0x74, 0x20, 0x63, 0x6f
.byte 0x6e, 0x74, 0x72, 0x6f, 0x6c, 0x5f, 0x75, 0x72, 0x69, 0x20, 0x3d, 0x20, 0x7b, 0x0a, 0x20, 0x20
.byte 0x20, 0x20, 0x20, 0x20, 0x20, 0x20, 0x2e, 0x75, 0x72, 0x69, 0x20, 0x20, 0x20, 0x20, 0x20, 0x20
.byte 0x3d, 0x20, 0x22, 0x2f, 0x61, 0x70, 0x69, 0x2f, 0x63, 0x6f, 0x6e, 0x74, 0x72, 0x6f, 0x6c, 0x22
.byte 0x2c, 0x0a, 0x20, 0x20, 0x20, 0x20, 0x20, 0x20, 0x20, 0x20, 0x2e, 0x6d, 0x65, 0x74, 0x68, 0x6f
.byte 0x64, 0x20, 0x20, 0x20, 0x3d, 0x20, 0x48, 0x54, 0x54, 0x50, 0x5f, 0x47, 0x45, 0x54, 0x2c, 0x0a
.byte 0x20, 0x20, 0x20, 0x20, 0x20, 0x20, 0x20, 0x20, 0x2e, 0x68, 0x61, 0x6e, 0x64, 0x6c, 0x65, 0x72
.byte 0x20, 0x20, 0x3d, 0x20, 0x73, 0x65, 0x74, 0x5f, 0x63, 0x6f, 0x6e, 0x74, 0x72, 0x6f, 0x6c, 0x5f
.byte 0x68, 0x61, 0x6e, 0x64, 0x6c, 0x65, 0x72, 0x2c, 0x0a, 0x20, 0x20, 0x20, 0x20, 0x20, 0x20, 0x20
.byte 0x20, 0x2e, 0x75, 0x73, 0x65, 0x72, 0x5f, 0x63, 0x74, 0x78, 0x20, 0x3d, 0x20, 0x4e, 0x55, 0x4c
.byte 0x4c, 0x0a, 0x20, 0x20, 0x20, 0x20, 0x7d, 0x3b, 0x0a, 0x20, 0x20, 0x20, 0x20, 0x68, 0x74, 0x74
.byte 0x70, 0x64, 0x5f, 0x72, 0x65, 0x67, 0x69, 0x73, 0x74, 0x65, 0x72, 0x5f, 0x75, 0x72, 0x69, 0x5f
.byte 0x68, 0x61, 0x6e, 0x64, 0x6c, 0x65, 0x72, 0x28, 0x73, 0x65, 0x72, 0x76, 0x65, 0x72, 0x2c, 0x20
.byte 0x26, 0x63, 0x6f, 0x6e, 0x74, 0x72, 0x6f, 0x6c, 0x5f, 0x75, 0x72, 0x69, 0x29, 0x3b, 0x0a, 0x7d
.byte 0x0a, 0x3d, 0x3d, 0x3d, 0x3d, 0x3d, 0x3d, 0x3d, 0x3d, 0x3d, 0x3d, 0x3d, 0x3d, 0x3d, 0x3d, 0x3d
.byte 0x3d, 0x3d, 0x3d, 0x3d, 0x3d, 0x3d, 0x3d, 0x3d, 0x3d, 0x3d, 0x3d, 0x3d, 0x3d, 0x3d, 0x3d, 0x3d
.byte 0x3d, 0x3d, 0x3d, 0x3d, 0x3d, 0x3d, 0x3d, 0x3d, 0x3d, 0x3d, 0x3d, 0x3d, 0x3d, 0x3d, 0x3d, 0x3d
.byte 0x3d, 0x3d, 0x3d, 0x3d, 0x3d, 0x3d, 0x3d, 0x3d, 0x3d, 0x3d, 0x3d, 0x3d, 0x3d, 0x3d, 0x3d, 0x3d
.byte 0x3d, 0x3d, 0x3d, 0x3d, 0x3d, 0x3d, 0x3d, 0x3d, 0x3d, 0x3d, 0x3d, 0x3d, 0x3d, 0x3d, 0x3d, 0x3d
.byte 0x3d, 0x0a, 0x2d, 0x2d, 0x3e, 0x00

.global _binary_dashboard_html_end
_binary_dashboard_html_end: /* for objcopy compatibility */


.global dashboard_html_length
dashboard_html_length: /* not including null byte */
.long 32469

#if defined (__linux__)
.section .note.GNU-stack,"",@progbits
#endif
